id,label
VoGifs4DaLwcmU7.png,2
hB56xRE5aYjhKto.png,0
JMjeDjLXYqeszsB.png,4
VzRnxwbWsZ4g8YH.png,2
DqmTr4rEyNBrD8B.png,1
ir4n790lQWRvUoz.png,0
x6uhp7UV7Gv3Xez.png,2
x90esGsOIiPhYAC.png,1
Q0yDCMjTAcNBE72.png,2
TjhXvf69UWmGk97.png,2
2NX5bg9vDd0eS64.png,6
g08YQnSEis7xABc.png,1
9BJ3y2cJroKv98J.png,0
KnxGK4vwHuKuBGD.png,0
LGNoEAWqnjDTQMu.png,2
mrElzE8fRSpxHy3.png,2
p6d7VjDHASKQw6Y.png,0
NnA7m0kHiQpcU9n.png,0
Gs2CMkcckqh9DwV.png,0
dw9o3uOrSErLNjw.png,0
2bieavV5vlEhKCh.png,2
TOTswYfYVZvKWko.png,0
bysi4qc8VEOiRWW.png,1
oyxtCMMSg6TIwfK.png,1
Zn8wlbIoWLEOuaV.png,0
EY63eCXM9RuJXjP.png,3
nvgnXHQPF0GOTvK.png,2
C5WkzgEeFXARsPT.png,0
j7HxwbjXIwtAWpd.png,2
X0YhwYrEZv7gvYi.png,5
L3jBjCddnR6ww9w.png,2
VUYo81lzlTEGVsT.png,6
jxiET7rCB1LjzX1.png,0
LdcGeMUpAGpziLK.png,4
qbG99yWchnMyUXG.png,2
vHFdUPflqWpRCn7.png,2
8yxdFTGdD1zWYU4.png,0
0P9uh6oQMhLHfrL.png,0
3G5WEQ7Mzx145O0.png,1
rFBpCymkOrdKRsi.png,5
SBXZMnDTzXY0yNL.png,2
rexAi77No7IDr9P.png,5
Y003IyJs322HnV7.png,2
0r0JI9fYAR6uHg3.png,1
Pnv3tRjYQuUzhba.png,6
NFiSEZrQs01db30.png,0
YbRQ9WYzwjtqVKj.png,2
YfU8hGv528Lvt5W.png,2
LQJgaZNxzvClV6Y.png,2
OCC56KhF4KQcnXU.png,0
RQ1gZn0paRl0rpR.png,0
MTEyOswGYAJ4Q3X.png,2
v6tQ80BxXfRzCCS.png,2
5SWOHkIcX37HKfn.png,1
Q9TMx0iwCQ09owJ.png,1
0GkdZYgOFhnYtJV.png,0
cRTcllAF9FL1YWR.png,6
Dv79pykwLf2BHeh.png,2
GLH836Abs3L17je.png,1
8cDU3Ln5NNDVYC0.png,1
bGORi2fc4jcx45i.png,2
5qVPxhFRaX0rMvt.png,0
7KbYLkRKdByQbik.png,5
llNeQmOTcduQ5pv.png,1
kQiYSCodvSz8bsx.png,0
0p8fjDm2i9mgIBd.png,0
aNPTuDYjVuDH1vj.png,0
Byd5HMzTGl5gztr.png,0
g4f1VIdPS12ScoF.png,1
F0qcjT4M1V4OJ84.png,0
HCqlAdmu1WS8n2v.png,0
5AjxBWEmx05YJif.png,6
qgAZKvJjBLFDVFS.png,1
n4hw5sYhNHqZydc.png,2
kUaw7yxrSOniHbf.png,1
tftdG9V6SgDZe82.png,0
BNWTzVsE0ZzxWqw.png,0
08wji2tn5Yw5Oum.png,5
dbPaEpCNNRPTEDi.png,2
FOSnNtHnTv1R7Aa.png,5
ZlRimrJt9A45Mr7.png,0
kEMM4772cfdcmXV.png,2
vyNy0apU5soBHhW.png,5
Qt7aYejpdNhFK4I.png,0
oiInZzYQIVrviYj.png,0
wGM4odfLGRXRoKz.png,2
C8Vcx7KZY18D5pa.png,0
oIdrQb6GdfCCgQ2.png,0
TEBhLdrDdThvdlB.png,3
alvCbJycv1fio0z.png,0
rg6eLCFYFhurg6J.png,5
wgv4z6bQ4kWmlaw.png,2
Xnoly0Lo2IXER88.png,2
gZQ4SGPQlOU0sub.png,0
jf3TwZilWJZszdu.png,5
MrzXPdakXCy3VAS.png,1
qyCT1T5wMfVS7sZ.png,2
CKCO5kblsRBX9As.png,0
KJyTugqN1sMs3jo.png,0
NNWXVhknlBVn5dl.png,2
lllOGiqibyMEg21.png,0
aKD09mc9GqAu7A8.png,2
J4jER8ow51trFqX.png,0
dLvE4VfV8Qrl7Cc.png,2
MgtUkpfwMmRQkCU.png,0
4WW6Cv9JEJcyd9u.png,0
haCFNfLdlC86nHI.png,0
Zu9R77kj6chN77t.png,5
AxARO5XUXiMDWZl.png,0
bgCPUudXZ1hsF1F.png,2
yPudlNK3K3r9PwD.png,0
KzKanNYDgSzyKgr.png,0
PputplPgfk20P91.png,1
S0NQ7dSrBLzokZB.png,2
dpg65kbiqnk1NAQ.png,2
ygGfLy2NqSsztIY.png,2
AEGe5bBFDJO3KyL.png,6
zbOruZhSqzNvUEg.png,1
I7t7lmT2VJjbzHJ.png,2
5Bm22PgdGtyPjSl.png,2
cCKXvBA5htEP8Gp.png,1
xYkrafadqX1kEYp.png,1
wrV0SWjDYrqNlVB.png,5
hS2RJlUpB8HX051.png,4
OsPWUnQb2WUIIgp.png,1
3RRAzKZVyg5g9pL.png,2
jnS5OApeDY9dAPG.png,5
R5wcNzn5Owa4KmZ.png,5
BHK2WozKgtd76WC.png,4
jIrfOY02uN7aE8j.png,4
AOvXrNv2RtVcXy1.png,0
o7wKtFulGxhOzK9.png,2
nXyiCljoUu5ESXg.png,1
YJxO0YaDd33BZcG.png,0
5twXzAazz8IcFRa.png,2
p6mxmCdsOzr4flz.png,2
22OgYkJDDiYU7Hd.png,5
o43YJexE83mjHBf.png,4
PeS5HlYOZRLs5GG.png,1
GCpnh9gHl8QRm2E.png,1
10h9beNRGKBRrRk.png,2
muAuyUXTjQ0ZkBm.png,5
ShsKWXJnhBqS8WJ.png,4
Q6EuEIPdaDhuFDD.png,4
1a9LloZr4JAkHrj.png,1
oeaQfWCttypB5mO.png,2
v7CCI63JjQ7nXc1.png,1
8hzm1wZWR3pF0v8.png,0
kOGHadg879LzvKj.png,1
v8JlyOkCJvCWtml.png,4
5pvio3QViEt6iPo.png,0
yj3iJ0HW3fsUK6k.png,5
aHHqHmJTbPQQxl5.png,5
3T9qBPNjumXkXKs.png,1
xpLL48rJZdREg6M.png,1
t2N0GcwJ01oLEy8.png,1
0fNp4aX2ALkGwwY.png,1
bGf7cAiOXT410Ra.png,4
MeohRFCceMzGTqn.png,0
R3jvBUfL96DxKXw.png,2
YWKD3LazDPjqUPP.png,5
1jrN7FbwEu4umd3.png,2
k3L99MtwFH8urUX.png,0
P5c3bsfhHgWyRRt.png,2
qysau6SKNKY4NNK.png,1
5hb5oWXKi3coFe6.png,1
5hqxBlnD5ram4NE.png,0
M1av7YH5FQXj2Zb.png,1
xko7jW42PqyLzLX.png,1
SCi8mHgDvW04Myh.png,0
L7ndlvy90J2CXpi.png,4
cXiNvSuPPUZsDJF.png,2
lzwFXdfWBrZ0nFT.png,1
3V4hBIB8kvm4xJ4.png,2
yHpE7CirxOu12XH.png,4
ByR1TFqEP7oceDZ.png,1
qm4lCXpK9m0Z6rl.png,5
r8njq4Wo68bmstM.png,0
nkZE7JJAyggKI0l.png,5
I3QLqwcvLfnXEbQ.png,2
e0epetfIbw2xNfu.png,1
xYxwOpkn1X0bT8m.png,4
vyAMBKUMrjQnXL6.png,2
qmechiGu25Y0lIe.png,1
nfcugQ0aPDXGmis.png,6
SObkrXElZ0LuFec.png,0
CTT3y365Df0XgsI.png,5
4Zax7DjhuxTZdH2.png,2
waW3o4JoJRjDJgR.png,3
AsSSOzsjTcp3IaS.png,2
wkz9E1WgtJLWFe8.png,3
uy7weMINVQTPYhm.png,2
aaoJylWCI3NcEEl.png,2
Teu3ZV5OpDBjTGo.png,0
eXSs3CsJsBGXGhD.png,1
XliyElnBICr35L5.png,0
4Jh1bHeC4QqqsQG.png,1
5nQmETrD4d1Ga4V.png,1
ww8aiMuephFf7dt.png,2
DD6Pztx0o6gEUeL.png,1
FgdkwHVLzSL0bBL.png,5
2sO4JC9x1BNngeF.png,0
ALHHPxT0crVzXvZ.png,1
S0MRjyzQoX6UxEP.png,0
xDAY7ZDe1LpVc4u.png,2
87dhyVTGW1CkQzu.png,2
cgQIQfyOFyAyHCv.png,2
8ASwEwi6Zt0rZuI.png,0
iaZ5I88TOCQGapo.png,0
8ksH0coXgTQ2y0K.png,1
mgFzGE33wh97ONf.png,2
mIOxw7dWrCfEa4z.png,0
fm5MgoAfX9UARpg.png,2
zRxyMAtTSRR84Jq.png,2
zbMaWEYqcc9IBZR.png,1
vBBgNKdGiCiDvZP.png,1
PxndWvrf7PY0m7P.png,1
98b6h4IdAZNliRF.png,5
gQaOzdqRrqoOAkI.png,2
amIDAXTJ7DIWA7K.png,2
xtav814imwpTgWN.png,5
u7s6N4KfWWNgV4v.png,0
AVySDVfGCgolD1A.png,1
nEDN3ZE6aV4LF9j.png,1
8q5rOUFpCme8Gjv.png,2
PHsVmtlDcOpjWIR.png,6
hKXLarOehKLqR9T.png,1
StKky61a8UbpgKI.png,4
mgQQlUxuOs80NVp.png,1
OGTdH28iH4wk0JS.png,2
9U6DWzoOPdzFp2B.png,0
mhNMjQbLLmRCNWK.png,1
uVQuXqdijeXcCxw.png,6
anepM3940iLL0wE.png,1
SEE5Z1AHcPLo2Do.png,2
hTKEBoLylF1aZKc.png,0
tShrsWvtnUmNcai.png,1
1SVNGqVnMDGteL9.png,0
fk78AZso98wwPND.png,2
0qd7AmQlg01MRHl.png,5
PdThmPVyhXECClq.png,1
InHGMmFzK4mOjLB.png,0
DiJRT982vlNHtX2.png,0
w6yNop9WdUg1ImO.png,5
zYayH0qC4kThshW.png,1
HqQAAIZWMjQRpiy.png,1
N91LVtfzlvtyUiN.png,2
USvs9IxZyhFtCJr.png,6
GZXVoW7vf1WaY4t.png,6
sKCrEOloP9pOwFx.png,1
ZNWLwNjBRpQp4E2.png,0
SBEhUMhOuMGXfwH.png,1
He60WIsO1TZfGEj.png,1
ZE8ofdL8viNP5Nk.png,4
eN5eFHYQImsG6sf.png,4
QbWXGnLtXdEFg69.png,0
h27F36vSvxjkzw5.png,2
5M5HpCSzjA2QwHQ.png,4
mzVAjqXFin8qWaX.png,2
Weh3Zi4V4RuPQl8.png,6
isq7bHaslbWuXb7.png,5
zT0zTB5JjAX9Qda.png,1
9bqv5KFdU0xBwrE.png,1
lkdqdnhyPknnWVO.png,2
cYDooVK9t4X3pJ4.png,2
CSadsbGVmYuV037.png,1
0Iqb4WunulaeIsN.png,2
KtgwE4OcSjVo29q.png,1
QpzdNeG2QhmVshO.png,2
As9JMA9xPPvnObp.png,5
LqDVk6tk5jBH0dy.png,6
a33kxVYnKqvQa9b.png,1
RHpmr0ViSyysJIv.png,0
mx9nl1DrvCgQUMU.png,1
J3ySsrjyVOT6y8g.png,0
T0G4PxKrLUTsUK8.png,2
k94TZ0HoPwvDJs3.png,0
jxl0gfa1mH6Yo2M.png,1
U5ul9qM21dTKawz.png,3
MChEdwXcM8mdAxT.png,1
I6CerNOHdShTlsk.png,0
qHrbS9se2IPJEKs.png,1
M3tUE7I0IwooP7F.png,2
rPjFOwr6Zc6hIkT.png,1
RoiE7lT6IqykIip.png,1
akcC66oqEhAWNLO.png,1
eDN8TEHDFuQK7QF.png,2
ws1HgGhfk6TW9nU.png,5
2FUruG1b14z2xgi.png,2
fck8JZxqT7hhEw7.png,5
ovx6aLSBgceko30.png,0
myRhtk069tGYQVA.png,1
F4KWesy8Nu6vHjG.png,0
hgboohTMmbhIR1f.png,4
Tngn7C1MzfosaAc.png,5
5Umx51CdpaqyHnZ.png,1
Akaa2v6mcepsIuI.png,2
8Ck33PXnJq8BR2G.png,0
75ivKFaMaiNu6h1.png,0
XrDbUxIKfZ0rRTN.png,5
MqSugcp3ctHZ2Mt.png,5
QoLe5GGFqU8pHbr.png,0
R6vbKeKMyzMqfbv.png,1
39kzOEMz7kgywsH.png,1
yd9MJYkMhncCNR1.png,2
6N1ELOxcrklT8We.png,2
AOfMoBYyPYMc19j.png,1
zEKXiMSEHkDbdtu.png,0
qAv0l32DFAJvN4Y.png,1
oNpxvxM5NdRptva.png,0
1rUVOhW31rfUr1z.png,2
y0kZI3ksYHEdZye.png,0
IRRCHMmhhDe2bmK.png,0
Is8wgyFlzUunZrm.png,0
Wmsy71UtJfPhr4v.png,0
7MpOYditgBfAH4O.png,2
4i4mzALOf8yMuFJ.png,6
gnTVtrvBsE8vqCW.png,1
0z3gybrfICsw2fR.png,5
b5EK0cyIPlB6T5O.png,5
74EwHPd63jDCziO.png,1
zxhf3aIktAqfGSR.png,0
XlQvBoGrMQTZIEg.png,2
pYWwC7WZBC7LgVO.png,5
L6wUXmkIrWje1xe.png,4
SJtDFp6QoqrQnyF.png,0
EcN3FjdnGNXCEnA.png,1
wkRklOBN4L1EgWV.png,2
IIIcl3yPlRfyoA2.png,6
UA9OepHCdIuSodR.png,5
LFp6yLeTWtrrJR5.png,5
i8z3BPcy8KrySuv.png,2
dBvLIvZJR6gxNIw.png,0
QLp1VcZp70AVf9u.png,5
nPOhMVZ7kMcQ2N4.png,1
xXwD2vCd7lFs3Ka.png,2
NS81SmltFS1vzMR.png,2
cDcAMxa0mw92Bdp.png,1
mV10EvMvsLwmHJ0.png,1
9VisFrXZJw3s6gT.png,0
Ukfqcvq2Z9OBASf.png,0
aNv6KZ01PSdE1tj.png,5
BDHaXH8yjBcyXGq.png,2
3ev0ks5UZjo5ITs.png,2
x4eQigQ76HiIX1D.png,0
zjY6BeOn5E87WTm.png,2
aPVWXwLkGumo51b.png,0
xoqXDHnUttwgb5l.png,2
xe7UqBDpK1qCdZI.png,1
p6NBMRrTBvZaxeD.png,5
IrzGMtcgx9qlvOW.png,0
U2RbRK4hbddMY8Q.png,0
G089zHKDO0GbJZp.png,1
x1aGHyiMFP0kqcA.png,1
1vRVc6udDmlklyX.png,0
Viwtl0gULyvLLQ1.png,3
ct3yoKhCQSxSXGI.png,2
hBih8qhz3OAABGj.png,2
hcSOtsexMDXLM3Z.png,0
jrgk1pDYTveoH2H.png,2
mitQ2ySZCNr9l33.png,1
pUKtOXYTplXOi7u.png,0
jUM7doBuJuA2gFa.png,1
FS2IdBo43A6Ir8j.png,2
IdjJUHBlxS570BK.png,0
xo8hw40hs33qjmc.png,6
0zUXqz0iFoDezxa.png,1
iMBD81ItGBJZhxA.png,4
jU658IFO4409cjk.png,4
gBDPgfRCP0xKdKE.png,1
f69iqRD5fdagzHf.png,2
xEe4a2Te07KOKKf.png,0
C7v8bNmomwHfTn8.png,5
8loYIhsFak3Zi2q.png,2
ReDtS8R1uZJxZPC.png,2
hcBGgv1Cyivwm5M.png,2
LUMD1L0kpNAWEib.png,6
wDIgPtvlLGzCrh3.png,5
D2CBp8vFSRpTxAA.png,0
m59XMT3QPf0RUc5.png,1
U5X87QoKS7Iq9GB.png,6
JVqqHaLZeO2x73D.png,5
iMusrDixUZ5uLuB.png,2
FJj2TssOah57HmM.png,5
IHIISGXHYDNqwC9.png,0
aWYr0cxZLDD5uFe.png,2
CX6Xy7qm18s9NcF.png,5
QT2zHhC0Q9rnAnH.png,5
EyLznisD7FB2dgM.png,0
mDNpy6j62oOLIKW.png,6
gWlXYgbylfxZ3ID.png,2
4UvXTUyVYfsSMGE.png,0
B8kQRNKgwNEhwlc.png,0
Yj55Gc480aHQomN.png,5
HGMDekxZ0Z35zdQ.png,0
0ncOSOVmsVIloOB.png,0
NDqoy6JARd2kjo2.png,1
BALvJWA64lvr5qO.png,4
S7isKHZmHW1lABC.png,0
pVYqefRirhTvtn9.png,0
x4hW5kwK5qh5GKb.png,4
Hr0h4NQZB4pOeaA.png,0
TfCGyIM3WoMwywg.png,0
MlhUIymBvPySiSu.png,6
qtCIkddQv9BPf2Y.png,6
ONK63ytdCsUeA4m.png,1
RyWKdJTscpjsIHc.png,1
CKoS7otgN5bIK4D.png,5
JerKeSiBTMnmznE.png,6
zbOV1GOO3ZOtvkh.png,0
UVMQLMZ6KwTFDhm.png,4
s2HhK7GNT0B4ZzF.png,2
ZurP6BIhGItfe9C.png,2
Tdo7B5LDMcp3svS.png,2
gWiTO5TqqlBPcLo.png,0
N5toVyS4VljhYvv.png,2
IN508mtIXrgEqjJ.png,1
N0YaMpBA0ZplCEl.png,2
HJaShVhNJYf7Cin.png,2
u1fghV1zg9RAzgW.png,0
xyIMBT11QsLAMv5.png,0
ixeqrjCP3f3ZSvA.png,0
QNMqgdSobCcpIoc.png,2
01BtUUZHiiwZnPn.png,1
9zvlGHWu9UTdxOW.png,1
SQGcUNDjQtBZuVx.png,2
5pNaKtk4w3wS9fA.png,5
M46s8nTBYUALt5K.png,5
WWZgmG75vr1iJLh.png,6
sppSNDp1DbvGWQy.png,2
swzsAsSKYQJBu5k.png,6
OjwBOCL43KaKaUt.png,0
NkV9KJErnwBkmsS.png,2
IpdPgu9SCxGIcIU.png,0
wqvfYWYfljaWpo1.png,2
gIGRTYTeuCxEKhF.png,0
kjvd0UHKDSmvpfq.png,0
DwsZSu4ucE8YsWX.png,0
1zADQ8CxBdOXREn.png,2
lGk3ImAdwPo5GUB.png,0
z8tZZYiYai9G2yf.png,0
ilGNcYsqeuJi3mi.png,2
hLwc4fUH78jNQi8.png,2
z2QvYJpok3LD9kH.png,2
o8wFelHXJQn1azl.png,0
iKvm7XyNPu8EyHh.png,1
j3c58HEyM7I1K3q.png,1
jdMCVCss5QME9E1.png,2
dHpKWibRZkbDGH6.png,0
SCtwwazin67dX9d.png,2
sIvPlJLkxbJjCGB.png,2
RFqHcaZ9JsanK3v.png,0
TUXg5vLRpes01ss.png,5
FYldnm7d5sicUQ3.png,5
JjXEoANeZgNj0RL.png,2
zu3s9MYL2RgfyUU.png,2
g77QkBMcHDNhBtV.png,0
1b9kdHdUBAI3ibB.png,5
47UJKgj4GTZfZ8S.png,1
0co6Cm4X6ffipoz.png,5
YQg8LMsvtefGmOf.png,1
B9jZmoOZaU5VdHF.png,0
DaCu8VdUjfGhlam.png,1
ILkJBAzADad92iw.png,2
u3A2Hdi0voMd7iu.png,0
XmazHzAYL6UHfhx.png,0
NpIK9ANFBDTc1tp.png,2
2V4a16CGdsH1RHl.png,1
eRfk3Z0VsOFhT20.png,2
YA6HMQf04fEBBU7.png,1
2U2ZBPW85pdxsUy.png,2
PLj3t7yqmnR3h7j.png,2
ijJK0ljaau5exg7.png,1
wNwdXR4PO2FemDx.png,2
83kEHxzfRnx6EdZ.png,3
UJFfcjpKAH0MD67.png,5
6rWrQ6HEDUiRLDS.png,2
Vj715EG4E9owHHi.png,2
hFnhU4q3l2clm2s.png,6
KYyAkWvkIidXAhe.png,0
7QJdmoG1W2yFn1s.png,3
rCP0Jb8DFvGof7G.png,4
s53TrWUVy7OJkkq.png,0
i0PpQzvN1e0fRRk.png,2
mJiIOBVyhqU0zDy.png,2
lTc12MFqG1PZlnS.png,2
IRa7Sj5bb9QYoR0.png,0
ZcLs6MHKEUNzUlI.png,0
koqgaCgRdN2QXlo.png,6
Pwc8XDkdnEfWvWO.png,1
xBYsknBnkyaU5GB.png,2
yQXzWdSJFZVPTbB.png,2
Ulc60q6ZUDRHYox.png,2
u2e9En2ihA8zeBm.png,1
RP5XjJfAJu9k1m6.png,0
qjDnanV5ahopF8N.png,4
h36qZXICONQaRMR.png,2
fDoqbM1dSExdkwH.png,2
HGhSooxD1plB7ZT.png,1
YsONi9Qk205xdBF.png,0
uvYRqRQRNp9Us8c.png,1
Pne0vfzwFSDiNnV.png,4
mc2bf1NiHBjKVW5.png,0
vec4q1adRWuDryB.png,0
Qt9SawNVqsHJKA0.png,1
jWMA4VcUHzMwlZu.png,2
9LlqPQUFqBguE4B.png,6
7RCuju2wl00Ilsd.png,2
dVqcNlTaeS1N5GT.png,3
0vcrzyIkIwkF1bv.png,2
dATG8JulouDn3zR.png,5
hHH6aV6ButI6yjo.png,0
uFZYLDoCxPjjxiY.png,0
IItZWrj2Rb6wSk8.png,2
p8cyMhoXXV4cgmA.png,2
NGTTj6kOkl4zlym.png,5
qOYYb4dvkCUYqnk.png,1
M4M389Sk2A2qnuB.png,2
8eNtu6cXrhE1K1M.png,2
VU24UZ8XKVgLltD.png,5
shsMJ3lyu95sHf4.png,1
Vc4Rabul1Yha5nW.png,2
xcsC5qK6isrPpu1.png,2
d54hyzgirs0kZUQ.png,6
T6vUFkAZVVUqsmL.png,2
gJSNKVpUmQRME0r.png,2
aYK4c0JRQYfiLkr.png,4
ku2ozmiCqj3zfPQ.png,1
q9Mhd7JSJn5J0dU.png,1
mnOa1O0u9PBXgkD.png,2
Cg1PZWlxkLzWqGB.png,1
p3agN7Bw5ieOtfa.png,1
r127TjvpfWo8Ckf.png,0
rSMls0P7q9LFtjJ.png,2
j0tc5TrWkyBUyD2.png,5
fp2SPzkBEO4JWYV.png,1
q2fpBzlSkss1OKZ.png,2
2WZKwtyzhf6Nukr.png,5
hXg3WtgaYckDOc6.png,2
YgkHyZsyAvUl5J3.png,1
egLDVc3YfsxU1Rm.png,1
3BvC1oL1R9jHgip.png,2
iy1mzmnh8Z4k4Oh.png,0
xmXLkwbGwlsSAf3.png,1
KD7g0lWoudoGWxn.png,4
4FkTTNMqpAcaA5N.png,2
zlxnJr8h3gAdbLR.png,4
yjfHIJeETn4qNOo.png,1
eK8k5LoV8zPwd1e.png,1
LvUOK7AL1x727vR.png,4
FUwC27otXwlB7Su.png,0
ujWVHdSzUW1U1rx.png,2
4qp7jBXdmgXTeH9.png,2
uQItNnzXfrwcAwV.png,1
67YuDF1f4QTLdrl.png,1
d64qwd66n02rybe.png,0
2Ft3vnxO3XrxI9I.png,1
BbxMe8uDZmMg7c7.png,4
XxfX63uNlnLpxXF.png,2
zqDAWHur8y6Vit5.png,0
hmVVEw1hAyw0VfR.png,0
Qtjju8SICk4RdOV.png,2
YK7X9oythRlM8wk.png,2
v2xsU24pPDIxexi.png,2
cygFWKghqbqiaDA.png,1
sXW1NgZwYlAruUJ.png,6
RB3EmlIUxBVKZ5l.png,0
FSQxWE0wp0X0dLl.png,1
cxev2SNpgbMYqEc.png,2
uunN9Yv8Y2vlcKY.png,1
Yeuo8OxeuThS1zU.png,5
yxIJPhOMOyYFNOU.png,2
kJRk42EY9OnJwP6.png,4
M9vftagLTRd1vKK.png,2
efWg5ToueLacefa.png,1
L5xIEy9WdZQOBKp.png,2
lUdfxxVHczcykRS.png,1
ckdeUEWCkKfGh7I.png,5
8A7ryAcqy5Cze5n.png,2
j7K923YVUnqBDYR.png,2
Zonwf8Uj3mGvRWJ.png,0
91IXQpzUl3QMUT4.png,0
5Qqb8ONy5VJhkKp.png,0
CNyhr70cNDkqF9K.png,5
5UTRTdTpzipee5c.png,2
1eS98J2XdhSwE2U.png,2
ETaowxHQkh0qDxr.png,0
gPv9nhPZFddazEA.png,1
zaeEg5R1bN4KmEk.png,3
YqOMu4QLYDmJJHA.png,0
UIBLiVPqYnCpo3y.png,0
fKATcCBvYaYCinV.png,6
ccO0uhrYvxv8Ot6.png,1
oNQ3OPVnpmeEK5M.png,5
mifAITl1u8LZjAH.png,0
DtAIkyX9L4zXXMG.png,0
NR8Xozes4wGCKiL.png,0
D6DEGgTYEmQ2WbZ.png,0
cPVePMiEzMwNDI4.png,5
ReHwd5aA8JBpaPt.png,5
8j3wMoiqDrVC1lj.png,2
m1lmMSG6OIwsnQl.png,1
667lTjeGDwwsxVQ.png,0
mF0Wta6oRlV63pB.png,4
ID0PawPVGQZwPml.png,1
SprbzTvACjq9mrU.png,1
JsVBTskJwO7sthV.png,2
hB0rBrukPcxkHAp.png,5
khjPofrSNfzBbR9.png,0
6Na7jUnnAHZ8Ty2.png,1
uEIseJiPkTGvDmO.png,2
MMy1OHGhqEVrWtA.png,4
bQyDeaAlPqk6HON.png,0
0DuLvL7MtKm9z6r.png,5
CQyXZyC61u8ChLx.png,0
I5Da6voqaBtS6cd.png,0
cabGQ3Yqaz04cjU.png,0
8e2TRrzwilqFOlx.png,4
xCg1icLMfaKRAW4.png,0
yleKL7c9A7krdMC.png,1
isBH5KqCfTT6hv0.png,5
Er9xnipExjsULcm.png,2
jHoJ66h1v9uEBhd.png,0
M4W5Ygl1pv7HvdP.png,0
TG3nw75aM663NiX.png,0
fvCvNTPmWtSl69h.png,2
ZHMT5DXGZlQTjtb.png,2
o4sQDw6lC7IiIRt.png,0
fhuXTRkvikR3O2Z.png,2
yW4IIDUXtXwAvGO.png,1
KuW91nIC4TVrWdo.png,2
lwhePv0mJvvfXkd.png,2
OYP66HC1kI70pFr.png,0
hgqXZPUKc5dCJFF.png,2
KT7UPKIW4ahifQv.png,1
rsfsktnFIRwmEwe.png,2
lsJkcp0tu5prsjo.png,0
La94ydUILiz9z29.png,0
GcwmlIngR7fETHo.png,1
kMLd4dQmJrBhQiC.png,1
NjMAOMqRYTjJPOl.png,0
T3tpO7PrYBLtAOC.png,5
i85QoUk6eI4McYQ.png,2
y0Ak55cSw8nGDgP.png,0
rb9SBuJLlw7OPin.png,4
NV9KYgAezNVH9xq.png,2
LfdGFr9Z9RBJKkU.png,2
IfWDdmTgDrj6vNB.png,0
ZcuUyabvAxdIPHb.png,1
0RfoKyscVFWRgNr.png,0
2qMJyGWCysYMlg1.png,2
Qv5oCBhnuXBNput.png,0
PtGlJZs5raDlTiH.png,0
i3i0W9Og1pABYo7.png,0
S9jftB2hQgZfXUS.png,0
v2bgmvX7K9YUNnT.png,2
EzNJumGgyEWrtBS.png,2
a55TWhxpZyuWZFX.png,6
oyMjwMsVx59ZfX3.png,5
l7jv0IIspSruy4w.png,1
jEe61cfbmcq9B9p.png,5
D10LVvQnRJdZMQJ.png,5
zV98tSep0MhMbih.png,1
l6R0KbYMptdKWvX.png,4
X386VbWSseHN9yt.png,1
esOyuF2yfGmaskd.png,0
czNXpbuzDbIoSZH.png,1
pLxg1kexCxKe9wf.png,2
no4UIP9nBYJEGyF.png,5
ODDyCDczXShPzkl.png,1
1P9eOkYyqUH1KYD.png,1
a4aFLcIuD3jbMJI.png,0
5EBxPyJo6oqctXq.png,0
T8ibOqeqUiu9DAe.png,0
9y05jNW89pPan4A.png,0
i0lyNzVLP0keyHu.png,2
rxMaw2TPySfGPza.png,1
fk4uOqWL6vyFv7g.png,1
0qQ1DT4jPKkLKLx.png,6
p1NMCh6qReHfJji.png,2
4BEgthjp7ceSKHW.png,0
XQkqt3w28TmLyfa.png,2
4aHPFaC7c2K6YoG.png,2
5DP6Hk7PlQXYOgS.png,2
L0DQ5UqNM0cf5Jl.png,1
cG3AW0cdm5MOuqP.png,0
0jr6dScI0q908eH.png,5
eXn3w6kYYmmTlOM.png,1
TMLWvKtqiownW7B.png,4
K2gRwvLw8ZK1qcw.png,2
rvGYPk1ugg4fbzN.png,2
GDtn4RHJsuQ0bFg.png,2
SOLVXCndRZKqIat.png,4
bynouulGBzriop9.png,0
s9LkgOCaZUOT4zd.png,4
fxEkXQ4qroqA5Br.png,0
cDBThoQxo4FjDtZ.png,0
kQHlGOwiZ3ROrpw.png,0
TxRLM8aC5ffCRBN.png,0
PNxJq7lJJcd9lB6.png,0
82H62GbOnmfq7El.png,5
JImKJ3fqvh13FYd.png,0
vhhsy3fZ9AaVtFl.png,0
rGyTls6hhD3jdu3.png,1
fqCTUW5myy7DYf2.png,6
5ngXHk0pmbFFO3v.png,6
wYrg7mdpGhgdShO.png,1
K99mJUlH0dV4o95.png,0
DuQhMqXpg6g8tuj.png,2
Dze7L0EdPZlVd6U.png,2
AN85KuVhJJVc9VH.png,6
LbqXnZWTi3yFAx8.png,2
zg4ur1k6zzVEKXF.png,0
cLrzHEDgT83MYwB.png,5
eYSx6Ll5yvl2afR.png,1
4UFvyDk0vY1z0P9.png,4
u2o6MqgtvgrOGOj.png,0
VKSi8iQbchXN3md.png,1
Yf3rT4NOm44DwYe.png,2
F0jnITXMGu2CmEL.png,2
43Dp5aNaleYdF4T.png,2
HO67ZUSmoPqQIsZ.png,0
EtwZI0H6UYTvzBL.png,0
KhvCz0Yq9NoCKcY.png,3
uJpkx0b56xCaxeK.png,1
DsFSzPFjl6EYLAk.png,0
UrcGPmoV80Mjtys.png,2
0HaKFMKttZwoVVA.png,4
0CqMKsH2Cg5Wzs4.png,6
B0EuSjxbjYmZgXy.png,0
yovfq4n5pvnNffX.png,5
BnW3QqjWYobDncX.png,5
j5UGiesPpg97YtE.png,0
1gCMKZrRNbbEAEq.png,5
W7FEXYwbTTXMMcS.png,0
HvI6lPSjSnugsZh.png,5
teBMJt8DZNjcQGR.png,0
MrzeKspKBrIRYfS.png,0
psaRZtB5YpgnnQM.png,1
sAPbZfJUaSSldr1.png,4
dqEFVT9Bbmv2orJ.png,2
G94Uv0DatoVo9hh.png,0
UiRLVfpOdIyhWHR.png,0
rrnxfh267bURKcP.png,0
Tr2Nha4iH3FG7Tb.png,2
EsGuGibVIe9QItE.png,1
2A6zh0uwx1kyCtx.png,5
yhUddpSXHrrInph.png,0
35hTtPkbAZQmpLV.png,6
uiGVqalwRR3AfD8.png,4
s06lOlrMnALSC4W.png,1
ZeIpP68XXK1vJOJ.png,0
PceqqndqEt43Yhq.png,0
XlWZofgCAYvQT8Z.png,6
COSN2xy8aKb5A9k.png,2
V5TJF1gRR3xsdez.png,5
V1WALUhsNhr7FGD.png,0
3l2KYPo4SNxYvwd.png,0
r67hsyb21SBDoYs.png,1
Ejt2JRwwCzH2eMU.png,2
halQXQd3QEexXKQ.png,2
QHV4ZTbaXJjXhEU.png,2
WwAWPM4I6KnJHu8.png,0
BDFuJtu3AWEj6p3.png,2
kgtaM0F1uYHkw93.png,4
YyR58BsypyGUgyd.png,1
pyxZz1M2WeMO6oR.png,0
uoWwp6kemEcU5ad.png,1
UDkOEAaErVMwicB.png,0
wvobM7zHUJWJZcu.png,0
nspSfUgEYZ71aGh.png,2
k77dbeZpTP9ImRM.png,4
TryDeEr8ecdH0xW.png,0
1O98F7rV3LiH47A.png,0
2ckrf3zbesr4x0b.png,2
wOUG73YT5NZM2QE.png,2
TR5Qoelf6wfAjk9.png,4
5e3ea0rrMiRy7B5.png,2
RPpc4DlcxebUqie.png,2
d0QvJpmtdXuTu5m.png,0
Bsj6C6ENBcHRgtA.png,1
JtCmcjGOnJXEVb7.png,1
Vl61kf9A74lBOwP.png,2
tIz7gSSOf4DWNnb.png,0
F5XnZP6mQZMIPcX.png,0
t78BsZRiJninCYP.png,1
19EPuEFQOdbBxpt.png,1
mYzMkGWsKe6bnxH.png,0
yw8S35a3s3CfeZs.png,5
TUH3xVMYtNvPrEZ.png,0
97Q3dzii4UOKHH8.png,4
Nvr5lkSI6RBlNCw.png,0
Yn2H9QRUf87Yh4s.png,1
Tp9GXEJp22rneLj.png,0
YFOZri0SvkKgyRL.png,1
b5FFlIUkTmZRTd3.png,6
0oGk5StwCRAGvbR.png,6
MWfse9Iwi2Fz3yv.png,0
FCESXBG9AZt45TP.png,6
3GwVuQhuaoBFBmF.png,1
8TbJKHvPWuQ5eK8.png,2
I1CkPFiMgBaK2RP.png,0
oLvEXuwLmBNMQg1.png,5
wknw776jwTZGWuQ.png,1
5hpgNwFa56dBVqA.png,0
hoRJ3JFfmm9dywo.png,0
EIVkMQD05xTukm7.png,0
VMsDmNCNmCwhnNh.png,1
zxZKP7p9Zd8XxqI.png,2
e6CRn87gbExW874.png,0
Yzgdx5593vbiLCg.png,3
WLvY69FXlIBtAuq.png,5
lg7pc2aXL3M1UBB.png,0
uPe3JzdMGDke6kO.png,3
rfVdGpWal3hZsJz.png,0
Kcic0ofpBtRLm9J.png,5
MgoYC9dxHjjbgNq.png,5
O2XIO3erHqM3wBE.png,0
pxV1zzk4ewH0M9Q.png,6
dUmvYhQdOndgsI9.png,2
H4VZt0uqMXRln0z.png,2
n1qBnPhm8mOGSbh.png,0
bvv17KDEtYHCYnK.png,0
dkcLJdSKaairdf3.png,3
1AnwojVlW8pRPDh.png,2
Y2nWwAD36ZquB8S.png,1
drE6X5cccfsC1cR.png,2
7SpKe0y3t30tmSm.png,6
Xlcv4cUVLaKnoOg.png,4
LAaGD6COR09sIlr.png,1
lmF8u2q514nbv3Z.png,2
dYoQvGFPRqLsTHD.png,0
5oSyLkKkotCumvB.png,2
fdf7g2Inl9ub2MU.png,5
DYCGr8SgYYaKZ0E.png,2
qybEMA2PKJJs9jI.png,2
pnk5rTSLChLcOIM.png,2
c2z327yyJzXZ6oc.png,5
xx9ujCviV7UtaVp.png,2
YWab8UNlhivtKEK.png,2
d0yrdGCcxuTMoxV.png,0
7AZbYD8B2CqkxXZ.png,1
zXx1ElwwVsysx2z.png,1
J3JfnM7WEenRemP.png,1
2VgpRFp402JjKNh.png,0
5wuJnVb2jP1kSoD.png,2
DyPdFXSAcdu4fgY.png,5
zSk8uXLPspz1GSt.png,1
jko0WidG7jowK2Q.png,1
6AFy7PB8nvdcfpd.png,6
DCtE9CRVDe2YETb.png,0
5nrL4w0no5T4NjN.png,1
JyozRzYANMtsHyd.png,4
soCOUde6m7998qC.png,1
9f3tGj5IcDRSBt0.png,0
N3VvQ9Rfm8JLp2A.png,4
5LGEqHsojI3vfu1.png,1
DO9t86KVGfuWFOY.png,0
phtGLV4UOkew83n.png,1
oyQdI8sm0AS0S09.png,4
IM4DJJ0dAdmR6cC.png,1
fkQgJM4aM0sfWcO.png,0
Ea03zO7I5Wg4UhR.png,0
dQI4UvqOGYwFBi9.png,0
SzShEnc1JloAsYs.png,2
GzDhXBfyVg1PScl.png,4
t3RpW89gh92JekA.png,0
p9leIpRUaRkVjHR.png,5
nyCd1opmWkd3m6x.png,1
6gM70PTB8LPvKTr.png,0
f2rhgtDHXfpGcAT.png,0
TTe5ghk3sNdcUVr.png,0
lP84j2J93fN0t08.png,2
IBy6SDYaP7GjzAR.png,2
oHWbZU8vn7SjcSY.png,2
2cNjHDBhaHnzF9R.png,1
sy7MJmJhQxBUA6e.png,1
QdT79gab3uQnmje.png,5
0QsuMuIaXa8fbMk.png,0
VDQFUDuNXsE4vpE.png,0
AhemEstjh8736bK.png,0
AQOzTDOmolouTXe.png,2
rhKtOXIMNvgAFaw.png,0
1fbJq127JrB2IiW.png,2
OUhBRzBo9LAYAXw.png,0
UXMA1eeSuGNeln3.png,0
7FTI0xn18P2aq9D.png,2
96yfNjN6MqjsQB8.png,3
ViLX6u9bymow0kw.png,1
I1PwPqmYTY68HLX.png,5
l8w8HgPurMI6Y0i.png,2
Z7J5lfxHBHnJzDg.png,1
m3dzMeOebe2zB2x.png,0
bValwY1v1qhCGnb.png,0
iAYCx1SGTCUKiZd.png,6
xKHTJSJlZ7bQkDF.png,2
RxymLxyL0xOshVa.png,0
sifYzT4b8em779s.png,1
XOFiMAzQCZHqCbd.png,0
4mUSEgeMWSxv3yb.png,0
KQpwx8R4BgnT6us.png,0
ZmdST2DPGUjtkV4.png,0
y0LHms9fXe6Kc6C.png,2
DFiQqtvtzCZEntV.png,0
waH1Aqzh9tFJbMR.png,6
4939qGRYvE35K7F.png,2
0GCP4ga5hHPKDwX.png,1
U1vdXtFqVQCKng8.png,2
MpenT2n89kAfCGX.png,2
u64zNwaOCziJ0Zv.png,3
5p2lwpXIS5gRCL5.png,0
HB6ZL9nWquG3kNL.png,1
Ro4b2TmU02XtEnG.png,2
qSvxNXfOo95TFkX.png,5
pH8RMClPf3Y15gJ.png,0
To9x3mlm9xNxwg9.png,1
kWBVNyv5gp0uuWz.png,0
WcfbrU1paHdwBxY.png,0
3cSBDMf7cvVtmTg.png,5
z8VbOMN3x6LWfbV.png,2
kPx5PlEX4UNHaL2.png,6
lozzvA52BAJVWvT.png,2
rpfMwGGoCmVL3GA.png,4
i3xSJMsLR1CA70z.png,2
roRy1Z3NGBCs0X8.png,2
L8DmMsHy7ZocVQU.png,0
rUAfU5CoKycOpDM.png,5
Cuz8YcwtRhvmiA5.png,4
s7clcIi7tIA9k5A.png,0
fcejV4ml6OSRw2R.png,1
frzV6ds8dmZFNDp.png,2
rxsGmfiasyjutjM.png,1
b5qQF4iLud6dHEy.png,1
fLygWvyf8oSaNAC.png,0
pYyNK8ZJ1OTZHHy.png,2
74QccOuXFc8fLVU.png,1
d67HTRbbtj9VA5M.png,0
vIov3EBuxEp3cuw.png,0
ZQNbhVVtXWZeS9U.png,4
O9UNnvnktXLczJj.png,1
mnprBhxjPEBrl47.png,5
C3WCFXmHAb76Lho.png,1
wIJ6zX7cSBAvtVQ.png,2
59IfzqVHIdnrTKl.png,1
L6tBdKG6kC5wygG.png,2
Qn08KpPZipQBcNb.png,1
RstM12tdPnWWobG.png,6
HFzMoD8H0eHaW0B.png,6
pm43er1lP2DtLJh.png,0
XiVZB0CZxDiWwy5.png,1
2t0yd4ueHa4Kpne.png,0
dwppKOtT9Kt6tLb.png,1
Si1OYqEiR31LCWj.png,0
0Nm2ZaV5bXPdunb.png,0
Gk7fK4IX66Art7s.png,5
eGDuurEGma9u64v.png,1
xtsa6rojx2mdHTF.png,1
21Oey4jR5gV84mH.png,2
tY4Fa8OpYOzRPlA.png,5
JN2dI5DClbveKi0.png,0
BzRAJasIdyVI2g2.png,4
aF7r95APhO39urH.png,2
5yZ3YT5a8ygxMSH.png,2
78puI2wDJ4cIMwP.png,5
4LO8NTgMBRR2v9U.png,6
krGpPuVocyyWVEZ.png,1
8VxtqOCAjIfxCL8.png,0
OHLnmzT8qo0nOsu.png,2
QX65cnRM7vt5kz3.png,0
Uf90heWvQKHg2To.png,1
t5KFi8m1L4UpmfO.png,2
xzFJ6I0vlVIdLUy.png,2
i2GvSSvW7QMoOap.png,0
zfGp7WJuN5MyNvg.png,1
uW6jVh2iNnA82Ut.png,0
yzhPXXGwgQG1l3x.png,5
ojXXINcFjwq8xXp.png,2
phiR3u9TLmPcfZm.png,2
9guiNhJTu02zLnE.png,1
xUBgAheKyVABZXX.png,1
wdXsbHsoqdGvNpW.png,0
fdYRqJBUwLZsKSu.png,0
dfFU8kfXH2RyoDH.png,2
63IzNcriXDCPtra.png,2
AxsqV1iQMnzrg3N.png,0
WWlJUHacSJDocfe.png,1
dLB7DfSJshdse0t.png,0
pGLx5o20d7798Ib.png,1
5VNw9BKssDtIorz.png,5
AP6MBtrhFs50X6a.png,0
aelM8KOkJ5w5zuB.png,5
yRFvNrnfPgGujoU.png,6
uKa1N7GdZeMgDQO.png,6
CDGtbLN6W387n7l.png,2
dwG3b57qnisJmNd.png,1
cl7ctpBt1APcq1U.png,2
q5N4EOIlMJkrNBl.png,0
RtiQgJaF9dYV3OF.png,6
ZS857I4FMURprfq.png,2
zwwqIgfUAWwNE4z.png,0
GnA00LM5jWGmmuY.png,2
aEYhScNrLhQIwFr.png,2
vqfenCwZWhAEekP.png,2
PHvjYikLsV3FSpi.png,0
5fleiGA7lfVPG1G.png,0
04oPFfOoKhIN6Gm.png,2
uxKF64ActxxlwvH.png,2
YxAOplzJlkAuKnd.png,2
injVw1vU6QVxzJ8.png,0
V1U5hwnLRFtpwqF.png,2
b2bseYE8Kor8M69.png,0
k1zJYxo3yqBOoBX.png,2
HQI3Ulvhx0vSaI3.png,3
edkBlz64faA8saA.png,1
5BU4s3R5537cq6b.png,2
8QFfWIF5bD3jsGU.png,4
RqqAyfHZ8z8GmCu.png,4
x64aLdMqohx3Y7N.png,1
QW2G3Ymyd4oCzaw.png,6
vjifRNVY9rCQQgN.png,3
SRJCHUS8oqs5oAO.png,0
uQpWkKlAGpaKjoH.png,2
QMCVW33oprjv7OT.png,2
TCAT9aqJsgxdr4i.png,1
9gZSyn5qgMQcg74.png,1
kvgQNTpryjeNAFM.png,1
QREpRUBmGyuDPkN.png,6
LiOraslzNwA45b6.png,0
0SPf67WHtoDqXlu.png,5
xuCvUDHYHlNAO4Y.png,2
0k6n8Dw0LZqKCrI.png,2
inuVPufT3IBLbVo.png,6
Po1VXVacjFp7nlX.png,0
tvrLdCA5YVKqsQq.png,0
7VBEOjLFplNj8f1.png,0
7ex8UUc0DZzMObQ.png,2
yxfwNSDWBQGWzkd.png,0
53s4034vdqfU3MG.png,2
jBx9oO1gXotKwkj.png,2
RTz0QPQUMLulyir.png,2
Rw5ENoNx97U0IMM.png,5
8waZREZ6AB73Av2.png,6
VoO6lrTmJNs0Pb9.png,3
BPWzeqT7jfaSc5J.png,3
MIOA0Vitdj31NXH.png,6
WDMPRH40dNf95T9.png,5
Cke9lWqiHyFXavv.png,5
4Ls1VoLDU1eSg3O.png,4
jY1MhR3rS3cKZkS.png,1
GvMPTdSu3ucDOVl.png,5
6Cd7z8LX91BGds4.png,1
ZZO198EFvDysbEv.png,5
4t2NOVo9Raf6zdn.png,0
rTNA0hawzDnvYrG.png,0
BLMEXz2MXMcWkuo.png,0
eYTStdj03Ejqse5.png,4
IOVhGpRW4SYnyZ0.png,1
cVgyFJi7OLq8IIm.png,2
40jqk53aYd55Qmw.png,2
tXUYxKZlPAQmHqM.png,0
x11lNTxzTTN8rUm.png,2
gdrnQblp8GPV2Wh.png,1
Rl8GOLLtlDLfOXn.png,0
pWMGzhHCncK0yHr.png,0
ncUMCC5hvUiqll1.png,5
g19cX5GeDkKrN1C.png,2
WAvV9FgIc6bCFlw.png,4
iNHrShZk3OyRDKY.png,0
I0bXKB4FKYQwlIm.png,0
7s4tlCWdhCdevbX.png,4
dfGTsrLKe6k9bEw.png,0
yxwuikqvfH37Psm.png,1
C3OdpcEvu5KqMZN.png,2
CBTwLyWdrdY9i7E.png,3
Bb2EN60btLUx2JZ.png,2
jvCQwc9P9kOW8N8.png,5
ixgc4xmekHPGpws.png,1
WhcI1mJPIGV4mgB.png,2
PnK1T2AGWfdZ3jt.png,0
SB6KGmd58vPeWjg.png,1
QhGq0RBEoRPncp6.png,1
dV0vpJ2essLxl47.png,1
0t4DKmA1fa5bbqg.png,6
JR6VSoGN1UYdvit.png,2
60PMqINrrX58rlX.png,2
9fWkOcyhaMSaXGq.png,0
BgXApCR1WG5J9ja.png,0
1sMRnspbpbsP2AA.png,2
wq6DB4tuMzpoMO6.png,0
nZPQzYgo8uyulGP.png,1
WMV5sj9eixTsITE.png,0
1peYAUxjaxYIF6g.png,5
0IN6VAkWBwLPq97.png,2
dbWtBV5CThu5Rty.png,2
8a6sRmWFuo1LrrU.png,0
1J2ggXESTrM1QKG.png,1
r9nG413myvd07Bg.png,0
nvn6kPe25dNecSt.png,0
4MRoyxKJKVxCzoY.png,1
it59p0BCC79NQ40.png,3
7XMhhDnWtyAKpB9.png,5
Pi639I4FVqhq3Z7.png,2
sl7X4sTAQssLVU9.png,2
XU60LgzAPRAzTox.png,0
85eqKJQPcPEmdt1.png,0
X6fkjM0gZdv0s8E.png,2
W6IYOKsS0SE78ir.png,0
TOVZdXz5MzEa4T8.png,1
eegKEwsPGQdJGqq.png,0
4up0TiE3jIDqCFW.png,5
dkLLqL1me22nQAV.png,0
K3XxivobjOx7epq.png,6
obo4G2rM4FpAz79.png,5
krZMA5XZtJb7Nfl.png,3
NQK60v7NNZVaDRR.png,5
vMqmRGKXSkDmx1Y.png,0
YceyelCPjtVwsrE.png,0
cElODM29sbeOtXO.png,0
DWNszZ739nFQWzk.png,2
iRXdFIJNxNbOVfL.png,2
KC0IlCG9RLkTrze.png,1
a4v2N1k201SfLIE.png,1
YNpvx09wGX7cCXW.png,2
rxQpKuoFgaf0aOy.png,2
ffhlZ5YiCbIgMmi.png,1
MKxBVaq0IiG8j9I.png,4
c1sD4wBuoltp99f.png,5
DTGYF9zPo0UtjJp.png,5
NO34rB9Hw8VtIRg.png,0
VcGO2kEojr28AaS.png,4
3NIFzBis48NzTtI.png,2
of34qXPxUerrTFz.png,6
IrbuZVUvYDjxpIM.png,2
Yu193vzbvmKxIvU.png,5
BO6Bl8JKyUfWMzT.png,5
yhkx52ocprCF4kS.png,2
1O5eC59WFrv3EXs.png,0
t1a49l1EszeMCjC.png,4
vJ1oedDJT30ixYe.png,0
3HtMSPwPHRL2dzC.png,2
pxCdqIc4CdwBv2c.png,4
RuPD9GunuljtOXT.png,0
fLFzn0GakmQzP85.png,2
P8ziTiKdPH7IAV6.png,2
ShRUtvvjBZ30DnF.png,0
D5uCqjX17ya4LTF.png,0
tjghtjEgzbVuFcP.png,1
f856POQcLkUD3y5.png,3
BDhjEEpgAgFB837.png,0
73Kdg7nvyxhVySF.png,0
O2C1SSe7BjDl6IK.png,0
YXpDw9U5yd9GKOQ.png,0
aZDYGiBgYR9eDaJ.png,6
V9I2CqNxw21tuW2.png,5
UnDSSWplSUUNzIB.png,2
gbuJWXrXPKPsDkc.png,2
wCFD7fM0qP5QNU7.png,1
oxfgvXbrPkvNoSC.png,6
YYjlGyIBAbWencf.png,6
HnVkBb6Qj11MNsf.png,1
V2jRpJyyNB5NvTl.png,5
Q1orWIr2q9zbxKP.png,0
zWGMyvMHmYRCefG.png,5
RgjC9Y8k3tf4iqa.png,2
fChx21YR3XivFbv.png,2
V019tX217KnUePg.png,2
96DkeFgh2AWHFka.png,1
wBESrwBD1JqNuQK.png,2
sfJsgy0xPMuC4fx.png,0
uFGgdr0LBZxiOvU.png,1
vmUAg5Ami3rq7vO.png,0
1cCTckDXC3M5NPO.png,1
ifcYJHhcXPwDTJ9.png,1
4QY1sHjx95S0nf0.png,5
S3iWXKMLrT7IfRU.png,2
enNbYHpbVcQNUYH.png,2
dHcFAFXGeKEAqFK.png,5
Vo3Ax43UP3DOOzL.png,0
2zarGzCaVXw7xEW.png,2
QMlQDCiBwwFl9KV.png,1
dALUbsV6Jp7SV88.png,2
iSXrb4xZv1HRDe0.png,6
1brlPTymXpvvJZE.png,1
dmgyroYHehZTbCw.png,5
2GcFjba6rK7oZIL.png,2
FwsZHQDF3uJtJfG.png,1
ZjBMaoQDKiRxzMO.png,1
3XtazRazXYLAgGA.png,5
Yjk6HbbeCkntOdY.png,1
91ZpWa6WE4z8T0K.png,2
oBImvTlVKPNbglQ.png,5
H9iELhRph6gTtDJ.png,0
yJ35hILU0InVmmD.png,1
obW2DgrOTbOd0v9.png,0
eLRIHEkWJEYU0wu.png,1
Psbh2geVLUu5TK9.png,2
gVVGpg4Bxbuf4u0.png,5
B47DLRYrN8wyEHg.png,2
MYnakG7qZeaJpPq.png,2
tIQGwbEUGUT1rro.png,1
NLrLogxq2YV23WR.png,1
Qg2xrsAFJdr6KUB.png,0
6k5WFanXA7hZnub.png,2
P91CGjyT5jmJI56.png,0
8oTcbuU98qkdPgp.png,2
rKdZXxa4oLuP8CF.png,2
52dYt4ZRkuNX3xP.png,2
5Axh2B4FsWBqulu.png,0
jeAl29qyQMrzLql.png,0
HkY3vH6Gx11tyn2.png,0
ygcJR7ruK6XOD6K.png,0
t9kxaRMcQ5oMZwc.png,2
xwfWb6bR6iwGKLO.png,5
d9W0hc0JET6AIxn.png,0
Zy0yJ3SHRtisMGS.png,0
1MRFdsYBrMmYIqy.png,4
oYuyPDXxoQUbGj6.png,2
8ntfXnLtODM64vS.png,6
rX5J8buDdWIwrqH.png,5
xCicLw2zrsFN0bz.png,6
Uj8TRGadYIyqSPE.png,1
jpFN0C6ohOVAPnq.png,0
rsaZATatByNNPpy.png,2
fHxu9olHWmGC6jn.png,2
UiY9V0RDyt96fsU.png,0
osSh5wOTapknAh4.png,1
YKZiLe9IZuEMzOe.png,0
gNr6qfA3p9wV5yJ.png,2
hbu0CLcIOKDueVn.png,0
iiwAXe8pwSyPBsj.png,0
cdJpN2XznKH69d8.png,1
h9vCHrfG1c5ImZ5.png,0
Q9KHLtFbDqnpn6r.png,0
fbULYysOBh8Nmbl.png,0
lfKTmdwHuWRZilh.png,0
liyvvJMFfCMrLVq.png,5
MdEvikR3YOiQipJ.png,1
9uJvc6i7NqzG8wO.png,1
yPutCfBIkGdxYxI.png,5
HJW0XLDRJS2TV3r.png,0
57lZKn8ET75Ns9c.png,2
HHYJMbB7mV2WBy2.png,0
Gz42voe33emGO7C.png,0
caSkaagBksfbMEK.png,1
ggAGNhHq99MpiU8.png,0
NCOyfIdQUzJKmed.png,0
fxLwOo3XII6NvzM.png,0
4madIEmycVept7Z.png,5
gAgKe9EEzOMUqzc.png,2
If1wyQ79I527syW.png,2
PGRAJv7H6CHEX5R.png,1
iSrGvQxnFeMdDEk.png,2
HZ895kXeC0AYg7M.png,0
Xd78QcNRiur0VFh.png,4
6BxxiRieh6M47QW.png,1
2y0kp1zQOqec7TE.png,2
gxbhqKMFxYyyWGz.png,2
XoEP8ewwLH36S55.png,0
uOxhBpoQhqTm5MI.png,4
bNtGe3ByMMyI5pp.png,4
kVeZw82vhRhS5xQ.png,5
bsBes3FnC51cQK8.png,0
xjBYcjTJ4ioXGyO.png,4
03OYF3IEgLgeFK2.png,3
aVtpULnmtPaMAPn.png,2
xb9g9weXIeNxwJP.png,0
dqxJnnYebGbP211.png,1
ImExS3A1xvpjTp4.png,1
kgBXxqXY5fNNJSr.png,5
8jAQ3VwedqRybl6.png,1
bQLI9LpZalHlomG.png,1
6gehvSZtUHbPHVE.png,1
kksoJ7LdetTkl7Y.png,6
YkVpTicW4RlSGDD.png,6
e3EncuGw5yGCuzP.png,5
nMBoFvKCgUz4YhX.png,4
Aopa43MsjR6LuLA.png,1
AM1yAwyXp8S0JMY.png,0
hibb5JgcDtTlmaL.png,2
DImq758VngChhwO.png,5
kv4jf1dP6JtIwFv.png,1
Nfpg50aKbgWSf5q.png,0
sApmptDFnVpMmNy.png,1
ovvbku9nYLMkwK7.png,1
gPKE8RDgIKBfBbx.png,2
rIPCaT9Kwmmjnr8.png,1
sB0szfWOj9oofDK.png,0
e33c7MrAS2cWXLL.png,0
wADdNTtBNaSPXA8.png,1
8UhulV8Ss3nckjW.png,1
x7WtHQluhyNkdAc.png,0
qDx6kSfwVyUzbQH.png,4
7xfd5BnNTHZJ5zF.png,3
goqYwYBUdMUq1n9.png,2
PshwBnEFzj74S06.png,3
PgorgHkQyONHJAs.png,5
mMTVSyShBs1bqPH.png,1
YmTGvfcjZgbBNum.png,4
84MawEUAe6mMrX9.png,0
hGKdIohL7Fa1ltY.png,3
Sw1WS2XNQxDuJOH.png,1
ZCYLr86PZNtVheh.png,5
GXfSedt0LAWfP0m.png,2
KWQ2yvJ9zCL6tC0.png,0
pOuozQHaTvDcAz8.png,1
WeCPFg7yy5KTtNR.png,6
pe5Fvp3VzwfP23x.png,6
DtayroY73xK7tSD.png,0
KUB5Ok1f3tSnWb0.png,5
E35lyd3Ii4UmZRg.png,2
vzZTHbcIMauKCJL.png,2
BRY2o0BkPHOMdq4.png,5
teYdiKlz8b7CBUj.png,5
zDBqUp47OnxF3cD.png,1
7mLXcFq4KSWgLDw.png,0
kURJjpVmjLplE4f.png,0
fo5zeCcbufLotNs.png,2
yI1FBH1VKVwGDwG.png,0
1XpDf6Guq9gBehV.png,0
v1HrgOxLgLtR7Tw.png,0
4GYJr2Nu25lS9Ij.png,0
Lg92qOYg4VjUdl0.png,0
8vsxZasdm1AVwvr.png,0
kxcA9Z4Tc4Arpzv.png,2
i9QA9B42h08GBSN.png,1
IT8toYLCqYajUgy.png,0
XTuQiWc8CVilGbz.png,4
2FV2OaA7nzpmuWq.png,1
dnWQos1Rt4j8BIZ.png,0
4RWFW34HyTYMEu8.png,4
WpgqlDnQdiogbd9.png,1
go22IO59fW7EFNw.png,0
2caBAset8Su0TYV.png,5
ccwizdRKmO6M4eK.png,0
8BBcO9ey7KigELJ.png,2
0DoiCPweTYNXtFx.png,5
PDggYKwc47IH7bP.png,2
Az0hKGJYBLUseuB.png,6
kYTKYt6gu3I185e.png,1
rNlXpouckzL8t8T.png,0
9hcqqY7reaiP3Ap.png,6
KlY0WbPIHavgOkt.png,1
U6R2bD0tZ33S96M.png,3
b1wXjNT7N3vOPec.png,1
NVQFSt20JJo54DY.png,2
Z5yIi5uEUpE9Wr3.png,1
NLLfRPk6KkrYLmn.png,1
OLUoSY3lcB2rccV.png,0
tQ2w59bN40X3EiZ.png,2
Ql4VoOX5XbrhrRK.png,0
eJEMGEaprRNGMAK.png,0
0IfOElhTSjLsr60.png,0
OIEjWlek2RpyIoJ.png,6
tFAqvepjDhKcbqi.png,0
h9wZGMDWV9lAnDb.png,0
TW5c3iiiUn2ovft.png,1
DpuL189fzYY4S37.png,0
IFRwvWOsB3rhzj4.png,0
Kak34Jjbyl0vJOm.png,0
9G3Fp2KGOsQ5gdN.png,0
1jB8nqeAS5MASYr.png,1
arO7BsKnR0knzYR.png,2
uulx4lUjJS4ihTM.png,2
zqGCLtDNxGMCq7p.png,1
I94N0OKlZSZDUUG.png,2
6VJdcKNHgjkav0j.png,2
6BO1kXmqiB8ZL9y.png,2
GoWCLrrQ9aVKyhR.png,3
GzJikVjtkFs20iX.png,6
O1xjECOyHq8Dfbu.png,2
bo0tHQHCsbS7Bsi.png,0
AptQdgYJYpciERa.png,6
JZdZTDGvu1ebfmr.png,2
C3ml7shXJBZImsA.png,0
MRm4XpJf3harUhq.png,0
Ov5u0X69DOj8l5N.png,2
uIF5X7LhJQUcty1.png,2
m8oxEPwrElWF6Lt.png,0
jBWWoEEDGFiDTcr.png,0
uV4ATb9MSKPIThE.png,0
N8x5MnbG8BXbRGX.png,5
pxfeuLH75pgGx41.png,2
7ZQPCk56gWDLwH8.png,2
lRiCzG3kBmEYSMD.png,2
CKqdXDt7mvDlMJR.png,2
P8avMao1hNtIZTm.png,0
PD1NnCaTUckQZXh.png,2
YsSm7GSHlFXesYn.png,2
WrWYXAPX2KdrVvr.png,0
Quq7cff3Lj24wUp.png,2
xkn8wtX3pO4wfe5.png,1
Oy81EKG9Ymwcc2N.png,2
hMQRSU98ioF3sy4.png,2
hjM5mNsMDlnLiXj.png,1
LWWUChf4kKoofJC.png,2
vnRPElrqkaBVtdo.png,0
RVXbP5N99ny0Rzt.png,6
QR4mgb2BKOvfQlj.png,1
ws1dTMmTR0ckzYK.png,0
QlVEh0A6oYN3D1i.png,1
VY5gntiXDQeOP9T.png,5
Vpx60dI7yDQEe40.png,1
tLtpFq2r1tsapNz.png,6
8ad2cFnYdAceFyR.png,0
LIeQqVEPVyicYwc.png,4
uaTpb2DiIWqSlrL.png,1
W6ewkpshynAVuQP.png,1
na2lx5IOKQYVfjE.png,6
hXI0FMOeAJd7vu7.png,0
AUZ4odW1TbNX6XJ.png,0
kArCfz7j4Fx4cSb.png,2
hKDaV99YgbHCW1C.png,4
chA8EHmh1hYyJ2U.png,5
LD5RjH9Uri7kH1K.png,0
GCbBrrMA9FMxXYd.png,0
3YsTG9KoL2QMizy.png,0
RtiMx1TnQucOiLR.png,2
8wi4ahrOmEV6bYG.png,2
qzsMFgLDBbF6vte.png,4
0LyjOmgT14lSUdQ.png,0
bHGuGIqGszMWAUj.png,0
sVmqiTjetfLXQB3.png,2
xj37TjGpLQHM8Ds.png,2
9iZ3h7sPJAwCHdT.png,1
BXCmVkBwyRa9uH2.png,0
a1Wb8JiKQGMeEml.png,2
qDwnJO8plagX8KO.png,1
9Uh8H1qyBTb19nv.png,0
XXWKSHNAthxcxvN.png,0
hLb0twS6cypRUQI.png,4
wPZhyTvd9KVMwZX.png,5
21PrcF997ZCwBC5.png,2
AHtLACfmvSveEEn.png,2
AfC8fluJsgpF1I0.png,1
NCAF7Bz7uOtzz4G.png,4
C1phEghv5vJ6YMV.png,6
R56b3ayl3hqQLgo.png,0
wctV4BMWdFRzDZk.png,1
3niWDSz9hiMIC6Z.png,0
HltPh9pDROwcp4k.png,1
FgfctGpCwAEcKKi.png,1
Bb8DyCNHgiypfOB.png,4
xR0W25i9NR9IGR1.png,1
1oCMUzkDBWKUzs1.png,0
ZgYA1PCAFsJp6wa.png,6
am9W4v6xHyXxDS9.png,0
n7TFK9qhS5hqajh.png,0
gR6N27ef1dCdRBR.png,1
bc8xRQVb1RGAlkg.png,0
D38fhYNQrp6MiKj.png,0
mU4QONcKyRSYbmH.png,0
F0rLI0btHfZDRIH.png,6
O1NiwSLF7Lfgfl1.png,6
m0uT9aQpJrbOnPP.png,6
8XVVju63QfOUnGK.png,0
cU1fetQlj0DFKkL.png,6
SlTgdE0ImiQRIRy.png,2
WnJby9jpt5s3qvW.png,1
upKBsYqqOVTgEoN.png,5
6TLqoMI0x0h7qTr.png,1
9hRraMHumfTdOpU.png,2
qYIVfS1jinOzbLC.png,0
LvTDYEQxrWDLzW5.png,3
X5jAGDuEC4y5NvL.png,2
EMLfouPYl2oD1r1.png,0
k8i1xv7JRxJGvZw.png,4
fLxjTGf6pQDFV1R.png,1
pUqaOmxptkfAI5T.png,0
CwzlRo3hrQe6OPb.png,4
lmZuvXq5uYsPQ4l.png,1
Xa6lJETJ0c73b7G.png,5
zjQMfMbSfhgoJKc.png,4
pb4rc2N0wDTwmGz.png,2
O8HgirVXmbXmcpZ.png,0
7JAkVQC5jgITffI.png,0
Xx8j0ashbO2Q2Ed.png,0
Ls3KBQWFpCbXldT.png,2
6VwBxqfQATpOpXC.png,1
voMA2nbVjhFVjhH.png,2
u3jXWgskvMgUqgC.png,2
LXJfnsERjH55RXT.png,0
ebGo36VZZXybcwF.png,4
TRJHdUk2TCP17yy.png,5
yTB8JIuvd6ERtZW.png,0
UxcBEKLQwWTsgad.png,5
ALMcpWrVBZxto9w.png,1
2wb2kpI2Pi5o2Zc.png,0
ijrjmewEvoZkVWG.png,5
qKUR46nSqe5U45c.png,0
FUomQkIzO3UML7u.png,0
3LWDHcFVSpYIVv9.png,5
zqA3HznPK803LNm.png,4
nzYSW3SgAOXmVh5.png,1
gXeehRVU0TUQ6TZ.png,2
JJObuyHesFmAutI.png,0
yIm9Ln004TFht2a.png,0
aecTOoHnefTowFI.png,2
uGJuesyGlIHqYUv.png,5
h1KEdQgrWNSGwgD.png,5
LkakDy0U772osxk.png,2
4fvhb55ITD8yCBv.png,4
edfZSqpdOFl6YkW.png,0
uRLb7iDbdNl1uOo.png,6
d1hVtjYmduMWNqd.png,5
tHVT5CqZJHl4I55.png,1
LtiI7zx8B6tPnG8.png,1
AA5K6he5jYcsJFf.png,4
OKCL7cYj0uEnERQ.png,5
0m1dVbnb8UOabIT.png,0
vklWNNc3Xj9Fb0Q.png,2
R769zGstDkM9r6u.png,2
R4Q1FNyAEok7jyM.png,2
YrEWSvC89VsBNhY.png,2
Vlbm5uK9nqsxzwn.png,0
43CpG2zPD8wURlj.png,2
AIoe2tOuzs7t0fC.png,0
hPgrrFQCqOMGjH8.png,5
xA9Lye9TpRLC2zJ.png,0
UFD7UJX81F1KkiK.png,0
MGwHEMJSLCQbpMw.png,6
spb632aX7Hb5xgP.png,0
KzaMttQULWBT1YW.png,1
iWFgeAUOO8b0ZOL.png,1
73fSD9WUHBIB9kd.png,1
CtOGVxkODHijRtn.png,5
VdXeJ3YUEV7ij64.png,1
4dunuMiLMZ8JNpx.png,0
UFHi2HIbNof2U8Z.png,2
bqUcPbdFPo7rMQ6.png,1
I3Io4aYN87WOrrn.png,0
jVhcyazZe5Z1x4h.png,2
V5lG5hFEyteyHIN.png,4
pjwQXo3pupJ77Rf.png,5
m0mEgCo6ZQieSFA.png,0
xt1rmHQvtFLuAff.png,0
mqBA3492TVY2tES.png,2
VNoycN3c2R0Zuvy.png,0
4GwbeAlc9pS115J.png,1
bUFcGf1mOgzfWlf.png,1
yC4l91Qsm06Izxw.png,1
J0jWUZDZ5eWVccf.png,5
U3c8uJRDDZlnPO9.png,1
Od9tL7yrezDheR2.png,1
rhzALptk1As3pA5.png,2
6P5AZZgq5X6DAtj.png,0
q0FPImp5hSjpD4N.png,2
BIenu6v6Ka8XbO8.png,0
XzRpqaYUynSxkbx.png,2
NUvA7eKsqnwRkNL.png,6
P0dWiQGFCqosNVv.png,2
cDmQQSd7tnDrS00.png,0
njzICRp2uoCDXpV.png,2
lMQGafdixIsfHK9.png,2
T0jKXlRrTrJThgr.png,2
Qs3z3D3FsVaGgtl.png,4
dblLwMWFKPPQkyQ.png,2
0CMnKxdZ7WaJTCB.png,0
v77zAvH6OllKVv9.png,0
mUcbl4x2DG1313u.png,0
yeMMnMsvjS17Amy.png,1
Bv70mWHHDxc3zad.png,3
1VhVPtsJN9DIJSM.png,6
x1Bi5WjDt0W1kxk.png,1
MDOHArQTHPCj8t1.png,2
TQCBza7B0rYlGyc.png,0
6dONk78z8VmwNdS.png,5
XKcUchZBtnIkpfh.png,2
aOfC9f1Wu3HDltx.png,2
MYVAzDu0DjHeGrh.png,4
73S8wN8uMHyj0gO.png,2
FGvz1MlN1G0j5XP.png,1
xvz3TsNeeQoOG2O.png,1
Jcgtb2oZPCX8lxh.png,2
vOIEfbpLYNQHepB.png,5
440zUTd3Br8JwuQ.png,0
mJmRRD1CuHejXVW.png,2
UoOEkm1Ef8QJwKe.png,1
odQ7Batil5h0XYL.png,6
5rsXAbEzx0gjY7g.png,1
ys7NaIHLstc7Xzj.png,1
HKGJUN6cw54Jov9.png,1
6Csx6ICZCWRMSSi.png,0
edCbBVV9EiyuGRT.png,2
8UjRK0vC2HS5sUs.png,6
jRQnNBpb3pl7BhL.png,2
Uu9NbgNOqkliaRj.png,1
EVr3w02P6arutdv.png,0
tIqoQbYKSjgYdSJ.png,0
GBlb73hTrOl35rN.png,2
KwdcbBEFxl0T6dn.png,6
k8FM6VluBu252f0.png,4
zGnWEoQxgtknW39.png,2
3zZIH2ieHwr3Z1B.png,6
eQpdTnwXQd8Hx72.png,0
yy8HiF3p1OUwnwz.png,0
gUfXiOm1boyKfZn.png,0
gZQYAd4Tq5d9S6I.png,0
MqcZpflvHlTUiOT.png,1
QqeLJN0OXWO6U9q.png,0
h1ISsGm2IPQCpNJ.png,4
gBDLaCqGBfRvIhB.png,0
p5dS3mt9d2qbJZ3.png,0
16gBp1mwefNDpnp.png,1
F1Po66mQBI0cOxr.png,1
ogYBEQO4klzehdr.png,2
J9K5Yruwuluhnj1.png,0
WeLXkIkGV2NZagt.png,0
UCeaux146spZcYt.png,2
2lJDw0Osmsz3Uu9.png,1
MHwAhhG9SDRg9Z9.png,0
qHLGHZapUwncqKf.png,1
4mN4WKEzV2s6oS3.png,0
d72rpEUrq84VEdb.png,0
wmhV2gLQwk3rF9W.png,4
3m31tBFTXodoCMW.png,0
q7f18Yj9eOe8t18.png,0
MCAkavru3VkcDRp.png,0
MUGmlIimbOPLaFM.png,1
OtgTdp7ibb6wUkb.png,6
mwqQzuISm7JgJgc.png,1
JPgOPwxejkmA0sa.png,2
yTJgUujebtiNOWy.png,0
EMYVVxORfDifbIK.png,1
NuEIzIzrKqSMnWa.png,3
fjb0YPNAKfunrgw.png,0
uKKOhXO9cPCib8G.png,0
YKKVE3pUeQ8e0Wq.png,2
7V6Aa0HwbScOaO7.png,2
4G1iNOV5WP4FdVc.png,2
16rlXf4SBS1NojG.png,6
3beDcbNvrTzShLT.png,5
bTjMCKOF4svsBxl.png,0
QaRwcSysq6tElUW.png,1
uaOSsUyOSHxRtcb.png,0
UrlgzBwdM9FBO8r.png,5
64cNaNiHv5TP2IC.png,2
EkRSONSLl54OniE.png,2
AOxEe2pSvw4rlmE.png,6
xWcLc635ELYjZI8.png,5
5FBafJUfstaMWQy.png,0
uVUJ5GjiRzUrSuY.png,0
Me9Y2Y0yWDbmG9Q.png,1
SrfC38uXr1ynhY2.png,0
79x223RXjNJCee5.png,0
LyMEWOplJUeRaij.png,2
KsgEhVd5VongVdc.png,2
z2ucVEDZN1cDHgw.png,1
hoAoWMMrigULDJA.png,2
V9PNZCRpRaVIn9c.png,0
jV84ZSJ4M8n3A1O.png,5
ToN6FOMi9HClbhW.png,2
Lr5paaQEdBg6xe8.png,2
AR3LthUPAY1DyFC.png,0
sVcHNdCYHvAwKc0.png,0
309JLwUJnn8HA48.png,2
3J6yZT2qJRBnaCy.png,2
fHQPMWGHFDdYVl0.png,1
nJL1seNBLcWz7qL.png,4
kJgpML7kGou49mf.png,0
07KAJu1IyUeBC3h.png,1
GAsxDiMHaEReRGR.png,3
zsJfPh1oEeIZoMt.png,1
fglVqlAfXUT3j3g.png,0
uLmpLXX8W7NS4l1.png,2
1cdRcM559h9yUGD.png,1
1ehyh0YQc9S5aTB.png,5
v5fUw3Obv82XofC.png,1
lMftLcsaSFLSlrZ.png,5
0yfOENtJsYQGjZs.png,5
dnLl0qfhWYpH47g.png,5
eEbfLDqOFaeMVey.png,4
TEQ3qwpuKwiZ7Gu.png,2
Fin6tiLo1qXwTBL.png,2
IpjviMinYMjdrEZ.png,4
QeCytNBTpGncUgi.png,4
EXUAUWEY2xbtcTU.png,0
2A9SRAMXeGdnQkE.png,1
asrsr4wWtAl0oPw.png,0
WdY9IulVY7ZM3p0.png,2
7MXgsa3GZPXT8Em.png,0
AHdQrulqn03tVIN.png,6
xPr6hacOubXqG6o.png,2
K1nKUncxazyPyz1.png,0
Z8R1he7qkElJH61.png,0
0PfbaIwSJ4xXunB.png,1
19NiWWns8c99HDG.png,5
IdyBNuYJ36mBJLF.png,2
se9qhI7DaWlMzUU.png,0
G27g6FQxYpZeSpc.png,5
aYgj8qnatRDZh2I.png,0
lKbTVo0zbRgiwwP.png,2
kxrI5DSni8Y5uJ2.png,0
Es04Sdh54WxJY1z.png,1
U8FsigqtWVe66AI.png,1
mNn2Xh2XXBhYUHk.png,1
vtdNIbBTWBFNZe6.png,2
q6E2auI0huiES71.png,2
5lLq2qqzKTWv7Ny.png,0
N37jTOdTJ0tt5js.png,6
P5k7ojbMhR0GXtU.png,0
8Bubr2ybqlrcXlg.png,6
J9efCyDyQxZ9Fw3.png,2
zPHr7q4IgCtBkFr.png,0
7OMRbMzA1FTcbja.png,2
5yR08ioGdPo0UNK.png,0
Yn3h9j5cTEY560a.png,3
Y4yNVbZbPNE6Q1U.png,2
eVIzBbPKpnWTuOH.png,1
poh5Ml363JrmmN9.png,2
ZVVdQQCCfBEl0R2.png,0
ziFm2HFlji73x6d.png,5
mPfRxK3l2q39W2Y.png,0
bTz5AGrEpjUaphd.png,0
pbcJ0cxcniES1Io.png,2
YTZ59O1pxV3oS7q.png,1
MFqhIMzUmJwZQwH.png,0
Qh435TghyvLEqCw.png,1
o3OnYZ0OX1GbNB8.png,1
ULgoSlgn1HuJcXx.png,4
N8uwQuXqIUJeQ9N.png,6
0PosoPNB5ALrSsI.png,0
ZP8dHp3fSCDnBn7.png,5
z9d67uJ4Jmk1VHJ.png,2
nnl3KUNWDTBvI0D.png,0
8RKmHrGklcvCc9a.png,0
4JxmoeAgQ3oSjn4.png,1
I3n4vtsCH6KiYae.png,2
KX3ZSU4pae8Chhq.png,0
2OsIASZ3JeuEkoe.png,0
fjy39RvFSX7nTex.png,1
RAQC71rr2LOmX9n.png,2
THdjeIVXKO2G4TS.png,5
gdQFhL222DN2dmp.png,1
pztmbD4l2HSMaWH.png,0
bdFiVsjXW0NBOJM.png,0
b6snVS8fa9vbKGM.png,0
p4X8YHrAI0DPRel.png,5
PR22vgzvx08vBX7.png,4
xa1R8wwWwjvMLwb.png,1
sfpY4Oh5bcABn7d.png,5
5t12PVTm9udFXgb.png,0
BNNWK7TcKSlVtuq.png,6
mvqqX2Fy5DdUgIV.png,1
6AQnt0cPIR5WdXM.png,0
tlNwtdYFxcpR6oH.png,0
Q5HOyxNMTZXyhDG.png,0
ufxfRA0REDA20h2.png,0
XsamiWIuYus2d3w.png,0
7mzO8XMhVDtekcQ.png,0
5LllJNh3SKXiw2P.png,0
AIrEABRJjI13lYv.png,0
tIDlhNU0YT1W6Cw.png,0
yRgjWNnD6UMfha3.png,0
3L2UL3OXdsb993y.png,2
j87j5CkST9QRt1h.png,1
Pjo9zuiSlNYzRQv.png,2
iW99obOJfCGmoqW.png,0
7OMZHIjexUW2tp6.png,2
fpCXuYKypF1hhZQ.png,0
BzOlvg7fe5mfQsQ.png,0
dIZtGQmOdk3eAbv.png,1
1zT9UuIr6wuvPfK.png,1
20VQdPJKEnlclng.png,4
Tipah9t2OMDH9Mx.png,6
vfj9eu0DbvcmS9l.png,1
fotyQvX2MEcc29V.png,1
epKsMPBBQsL9aRl.png,4
S71qpVzEq7hRRgu.png,1
VSutprWHl38OZHO.png,6
lx2lac8Gwp2xzyV.png,4
4kPIrqj6P7oO4jQ.png,4
XbIAvUk3OzwrvbD.png,1
dzfaJXVHmKUBcOl.png,2
KYQGmM7K7P04763.png,5
0bCrNgxPhkYx8lD.png,4
UaHn7cI3Uh8tuYN.png,0
upjctKYf6pkZ7xB.png,0
eAVfOv7szqvpBdn.png,2
cIvbUZC4U7iVxre.png,6
Pu0bmRdAUgFt85x.png,4
pnqqg2qx9YoVnsF.png,2
XkzOpxnXhM8dm2I.png,1
V2rmlle0AySVd9T.png,2
2uEMovf7PECrdUL.png,0
oTpKSI4aot57yHr.png,5
bB58lLnpfg7a8zC.png,2
7P77Il3UsJ9Kx4D.png,0
UmqfQpbkwOcA4ch.png,5
ovulY5nxguZsfQQ.png,1
uk9vhOpUf5jOrOM.png,5
PTxR0oO5hpGq8vG.png,5
qLwKJHdZFzn8wjj.png,0
9dJboK13iVmRANS.png,6
eb0ewSaLU2S8IZQ.png,0
HQHDjSp9upnG1tw.png,5
Qrl5vGvUEKOjxDt.png,2
l4ZsUkB4bQI0WnZ.png,2
FObrV6MvcvXgetu.png,1
kwHLJkv5QvcbKiG.png,2
DPM2lIM0DiyEUUp.png,0
yOsh1rghlaCUi8V.png,0
SZLLBTTd2TtiWg9.png,1
Wo6Eormpn1oMhSj.png,1
RrJNYlnXGsupx2E.png,1
uJ49sBOlZ6ykKlw.png,1
tT1rUlkC6e0BNZA.png,0
WMMhfaOf1WvUZFf.png,0
VjwjNHdKU6GKejn.png,2
jevlXv7A84HCW6S.png,2
xWzILUyVnyBBTXw.png,1
iMpJvkOXPzqT0o6.png,2
sA2qYzVArBmN29D.png,5
lLUajOMnCFqqYv6.png,6
YnqXsiBl5eH0Czs.png,0
2O76X7H5rIdseio.png,2
YQ9YaXkETvJtvO5.png,2
cD2CApGl94lY3QE.png,0
8FqVBhHykFLCN1C.png,0
7uQRjg4hDgaUwqF.png,2
AVYdnP47FUKmWHL.png,6
O8QyFHweqPUsx8V.png,0
7tEG30DhpwrwJto.png,4
KJRVSPjpegbnS7O.png,5
nD2zlc7mypHEyWC.png,2
7eheVGSB2321D46.png,0
3RDAGC0QzMbpY3a.png,1
Im6GeGIzr8rH7Kb.png,5
fMpzdJa35mJQOJf.png,2
CiIpXfD3wkUfMfv.png,5
l54H9PGgPN3azNB.png,0
PbpX5duQ0KXoQYW.png,4
A3ceU11JcynKp2U.png,2
tL2fajUAuDpYZ5s.png,4
Y5iKvbKgGNFrkAs.png,6
7jqzZvK4WD1NTLW.png,1
sxNbzTR4H9lqK6Y.png,2
0kcFvPGYRLFScNc.png,2
5IxwTPxIV4VgDmi.png,4
70z0YkJYRYq6jNk.png,2
Bajl5CnQa591xBV.png,4
Mvnn6x9r3lIBOQL.png,0
xFcLAPbvoKF6UQf.png,2
UYwDu1SYjZF2y09.png,0
tPxAwXXMyV0SMCs.png,0
luMUcjx54eXSfEp.png,2
lLvfpumcg7b2wm6.png,2
QeM1oWzpksIEIxi.png,2
TBaD3YXccDaeFwS.png,0
TITo0EQG0uoZYAe.png,0
WI0Nww6P2Ri5Y9E.png,2
fkd589w5PBed55h.png,0
5VaZ3N6K0yFV4JA.png,1
Hx7qq3RKLBXq5bO.png,2
AQOxKnjuM2LFIko.png,5
MNiY3NpFtURPpPm.png,0
ZDv9CJVQ0LAvomp.png,1
UgKiFo10nKrf8za.png,0
tnZ30EQGCtC5Hpb.png,2
fTRDLc88OeDIpnZ.png,4
e8BmELXUo7mwktl.png,4
QlMO4dto6aFicRM.png,5
nsDQCjzevbl0s8A.png,1
Udl54NTplUhQ5tY.png,0
NUKIUryUeAGit4V.png,1
RsGihpKSBQNy74k.png,1
7mbmIxcfa2ykgVy.png,2
7zd1Av2Ed3mOLiZ.png,0
cqbHWZDRqsR6QcW.png,1
XQmkYz9WWf8VEod.png,4
0z7l6qhyGjHgy2g.png,3
nJ5w6Hs12Yewhfa.png,2
k1m1Iesw57L9I5F.png,1
5ttxj9nXESmBdIS.png,0
8AvXzaexwAv2PHl.png,5
D5rmBUpDbR3UTOk.png,2
E97cjeLe5euBwpP.png,1
CaDu5oETuClc6aX.png,1
IDJMPPlSxlJCfYV.png,1
OEf9qk0C6KOWjAR.png,4
75FujtwSN9ptBmC.png,2
4kX597v5PEstBwC.png,5
F6Nc4DCjnqX84Qr.png,0
VylokXYntbxVIKN.png,0
Xn4RusnPHCAkFKY.png,1
bYb29uQ0VVTadj4.png,0
EDvkiorTvTtgBzu.png,1
SyeHgQUThnxPN7l.png,6
oBk7FvB6k4R77OD.png,2
yTXgNGyteYgB2mE.png,1
PUAExSWUb8zNTMd.png,0
xhGX8C3DwdUSJhZ.png,2
O5cFqLqOwufUglF.png,6
an0oINvGw9JvmBz.png,2
vCJPZ1ZUzsxUYRG.png,6
HKekzOIKpnJ8oHv.png,2
9Bdc1OE6PBo70km.png,2
2uyiFwCwyBake4u.png,0
Hrq4f8BmBp1Vqvy.png,6
kEYTv4lYU5bAet2.png,1
0RiGpOam7orKsGS.png,0
UUhAUfC8qoMIE8O.png,6
PdW0nOg6QIpRd78.png,5
y1NuxAmvLx1yQ53.png,2
RucIdenGyyOJjtS.png,2
KJ9yuAv29YO0Hl6.png,0
4zO9fNKIESpHsEL.png,2
S1y6ci4q3RnL72j.png,0
ioR3WJNj4p5zbY6.png,2
DKISee8vtdGlPZn.png,0
SqTBJw0IT98lgdT.png,2
BDgOGSdPLuLC1sf.png,6
4jgKvjcgJhaGdop.png,0
T7jy6V3Dsyk5pKr.png,1
69XLtg1AYbuTXSm.png,5
HRH50KoS1uYppM6.png,0
a4zpyz9MzbtBMMW.png,2
xwP4z3dqUQh00um.png,2
SDfrz2uMhsVptCA.png,0
VQ3fJ23eh5aigsd.png,3
3YE95f0S8s6ClTH.png,0
0zOOV4cFy2WloIj.png,5
2bcWlRQfnj8OM1N.png,1
Onhw67OjHcuNwAf.png,1
0cyFarVIOQsOoS9.png,0
RqjQgsIoKa7DMHx.png,2
zBofTGAaeKFHZF3.png,5
QsyfJPi0CvOnB5S.png,0
1W1c74FBgGtcb3p.png,1
wlLf6izhzoUpb4d.png,1
eqEORhf3ADe6hla.png,2
n7St56oTCP6w7Fu.png,1
YEgMDgNtgUj6cdk.png,0
Kh5gHaNvCbzI58h.png,0
LXPOF5Ln3fggoRG.png,0
rYIfaU2lHe9Ljvl.png,4
SbfAT9YdpaVNkfH.png,1
Bz3BWXcSmdJuFQL.png,6
3QriiGyvZk9jobo.png,0
RYOOaQsIX1trFEt.png,1
MyWplXP7JtYPpjH.png,4
7WhV7lQJqET9UZu.png,0
mG9x8HCPXRabSpm.png,2
RhppVbyv1bcKdwR.png,2
uICsBnOYGcaklZp.png,5
3m4D9T66i5XtQxf.png,0
Q6AM6tdbw38qHjw.png,0
hd21JmLBgp9WF86.png,6
f4qhnw2U7e1quLU.png,1
mG8fY205JMrYHbM.png,6
IKIvW8t1uWmWZxs.png,1
nURvFk0CAG6npvI.png,1
kZ1tvsnmZz38ajM.png,1
Ylg8xXveGzWUDJM.png,0
EgJ8mmRIJ81zyvK.png,2
wBW9zps164xIbml.png,1
Xqf9EMX0U5iXBMs.png,0
hP1VTfnTuY9GGet.png,0
wWPKA1de6jVKEds.png,2
B8K2stabZ7Dr8oq.png,2
fSzV7sVgfC5wtXX.png,2
qsfIOiRFB9RsF2L.png,1
TIzpAmWUsUrfrcI.png,4
lscaNFylKd3e0Ov.png,1
vwGfC6M6nfWAlD2.png,0
offAiWQGzjmQ3lP.png,1
Jgl2hhuzsnuJE82.png,4
gvLvVotsJn5iGX8.png,2
GKkFoiIPUvuHh3l.png,0
LrWj98gFQxPQdHu.png,0
Y08RikSBqf9m0n6.png,6
O8153XdW1ej0VOV.png,4
VWLZzNvfhdfSlUE.png,2
KkNmtVBBxhJckfL.png,1
IL7E6w9dVp2f6ca.png,2
sXpNP7L8SVc4RI6.png,2
H03GlIz9ybK5xrC.png,4
vzdoV3k5CErcd2M.png,1
KwjPEmbOZGiucMc.png,1
q9KkXa6ceKO1d1S.png,6
Qg74NHkbpdxV8Mi.png,6
mmgBIovWT8wL5yT.png,2
5Op6AGbVIUJ1J0R.png,0
ueofmdvMuWi9uSq.png,1
EjqmM3tGCs8cSxH.png,0
8QxNAQ0T5ESAGWW.png,4
8WLok7ZfWg841n5.png,0
w3DOKZnXEewFSha.png,0
Hj53X6oiAqDQGFG.png,0
D5dHPig4GdOsLtQ.png,1
2tjEWJag4VtYvgD.png,2
QyKufjBOt1PX30e.png,2
qTjkkUy28KvgD8Y.png,2
sFDqQHtc0EiG4M2.png,1
vCTxxj8ZGrHG5ER.png,0
a6iSmWy28QxaNWL.png,2
yjmlY0bWiKz99KO.png,3
jFWPzX5bwSIQz64.png,2
lydTiGVzBTyK4VU.png,2
tKEyHIIan1xfdoX.png,2
oFSTNanP6FH5HG5.png,5
xJw5JZBBaGVyC3Q.png,6
miNEPHZwcZA5yyX.png,1
EKVnSIEbhNStsDH.png,3
3sNJNgktP06RK8T.png,2
8eBkL8aOwfBcvRZ.png,0
KXYfhk2T2dZtXJB.png,0
YdedRYOsEnM5Cdn.png,3
ZJUzVYAdjDDHLJJ.png,1
68yQDMt7IvICsYP.png,1
1Zw69YiGSjS21VZ.png,4
Q5bVuHLzPiz4i1f.png,2
emOzi87xEicOUff.png,2
Lzf22EVpD2rNx5b.png,2
7ZWQ4c3lGnew1R0.png,0
wtAkKFXa7YozCC0.png,1
qv1yDphk5JoQ2gH.png,2
K3DVW926vk2ktqB.png,1
7MbhdrKqDHhSaBp.png,0
2ajFvaTX9n2qoza.png,5
kcVzzHCj1X6ytZ5.png,0
ZxDZ9thuRpaLCZg.png,1
mI844EuzlfkXLqF.png,2
DbY6FCJhvj7Pp80.png,1
DECtJWw5haEyHzC.png,2
6ggyPHpWTPcGCNe.png,0
2JA2jP1iDZETmR4.png,0
t7ZoxOwYTlHKo7c.png,0
EmaHZvd2d4j3lqX.png,6
Zyjl1TP7yDdePWt.png,6
srjkhc3s0SAmwe4.png,0
hPZLlgJOtNJAau9.png,2
3teWizXarIPgWC1.png,1
bOgB2NBTAxjdyZM.png,0
vRsNcJw0RRhhQVF.png,1
ov1BfqEVfmZHCHz.png,1
WtUzxFlVHFd917t.png,2
SOjGYK3O7RfoAS0.png,1
hBSkBEEhRcEj2vc.png,1
B7ZtwCWUJe47vUT.png,2
eZStKXWfYTa9Ctj.png,4
mE1pvAIt6BMrt3a.png,2
omaL0i5GcW56Whm.png,5
h4eN5Trphk4tRGE.png,2
vDw5n32dU47ovSj.png,0
2nbrNVBYFAyCAXq.png,2
RgDddcoJGTda83r.png,2
K7NzpuFfobDCQOL.png,4
WbVGi3AyfuxQ63o.png,0
5Cm184IC0iPewHx.png,2
6hcF9fxc4k3mdcN.png,0
t4uTr9hvuoBsjIC.png,0
fQcxywbkhsB43GB.png,1
32gWfgmgdWf0mqq.png,3
D7DabTx5VwZYPYQ.png,0
oe425rEkLoO9NkB.png,4
OF6NibhwJbL1tzz.png,2
QSe3pPRyGxZotsZ.png,0
nFbxonpyWdofTWM.png,2
MyzHg5Esd5c0klQ.png,2
o54BXHMl5AxLMDp.png,4
WPAwWoALxTOLuRZ.png,5
6spXLHnDJadK9wE.png,2
X1f9kIlrMTp4MkH.png,2
1R7RfsHAFVWylif.png,1
CX4YJ8CEuNkPeEb.png,5
k7sTjEInHvLs9Ho.png,5
owZV45geOibvApD.png,4
3EDwK04EM0a5MaP.png,0
dGskttk3pFE3wkR.png,1
mJAWBTo8ZJ6oUbo.png,0
kDWmLHYKkaaaLoM.png,0
mtQqipEt9IS0Ket.png,1
FoELdxfk6NrvbPh.png,2
o3LCyBHKDMtPnCL.png,1
76g7liloT84zIzt.png,5
ZZk5cbdeboSYSEY.png,1
vbiB3DrjRmPhhmU.png,1
BcJaxj0poIAIbjG.png,3
uiiYQ4VjG7GilGr.png,2
1kJAj504SwyYNZh.png,6
9V5sfVUhmkbLHEC.png,0
2cf1cqrDtiCCz16.png,2
xandpkz6kN23rv1.png,2
iJdROzHY8GH1wUN.png,4
6o1be0B0KZij43E.png,1
gOw2IDxT9pQhbke.png,2
w7NwpKIjMsLG3lD.png,5
r7Q7nL00fNwjy1P.png,0
6XwHilBEtyerCsa.png,2
DdGp6umoinHSS2l.png,2
kbuFcZx2bzJ7afl.png,4
GJlWjIkfnxc5gh0.png,1
xzgv4bmioF55HQB.png,4
9MdJfuGvxmrXIcw.png,0
H6wFDEFZoUxjLBu.png,2
Y4LlIsnuWpcnrTl.png,2
zlbkRK8ZPmqz3dP.png,4
iHvKAjGm6KQSxQ7.png,1
ZJLrskL8yyRB0J5.png,2
yxWA6bTybee1jmy.png,2
rMzQiweI4JGjzfl.png,0
EDhFLEaCGiXdUNX.png,0
NZtFhGeH3gliVc1.png,2
a5ScUskCduCSWTo.png,1
ol7Br1LSTA7quYq.png,0
kN7MKH9L7OFVCLi.png,2
AGkDoIZezN2dAr3.png,0
gMSbLZEPrJnclIk.png,1
lGxA5MNFIbbpKev.png,0
NNYVjauADvqKLFt.png,0
K6P3v63W6LB5D4P.png,0
qDLap9swg1YIonN.png,0
iiSw7sNDaOzzVmG.png,1
ykenAPnMXlBQzHg.png,2
zwPSOzm9Ge9zZpE.png,2
ttDigMDdJkoHFev.png,5
R1wFGoVzSIiB9Wo.png,1
0kD3whLXFjVcuvb.png,1
VpBWlh8jyqs1g4p.png,5
9Iy1wiC4peebnQi.png,2
Nm16REzFFTpGgpG.png,0
oBweBkrkPeTE692.png,0
HdkXgpKcdtROgWK.png,1
hae4pFET4uPOeaa.png,0
j8dRCCUg9mTVPZw.png,0
h4DiIHPShl8T3BR.png,4
FrB2YubIsD3y3cQ.png,2
sQSIKmpXGzHyZNM.png,1
LhawoiCGCyW6MfS.png,0
RERVRbwfLARXOFl.png,2
JE81l5Ey8ivc9Oj.png,6
xcPKzsgeZabaF4r.png,4
cJfdzGELnHqPgOg.png,2
9mj0nlYjJqvnAJt.png,6
TYKEb0Kjweo70hy.png,2
LeChMIrL0Te4hko.png,2
1bvnzet2pH8q0Np.png,0
GZRhUv5khgpI7G3.png,0
mJHbsSmmcBOVWJ4.png,1
F6rSYjRph0F6lyc.png,2
i6dK3hPyYBy01O3.png,6
sfzsj8937jv9sAI.png,0
xpAe8uH41IvhZdi.png,1
jnpMhD1LJVEHZn1.png,2
735Bs16bOlq8qkD.png,5
2zjay3ynijF83dY.png,1
mJkgwHk3HDqYEdz.png,4
dlz77FQqpI6moDY.png,0
grqXBktSxcOONfF.png,2
UbqmEftxYbkcVK3.png,2
pc02HX4MZHW3ZvS.png,2
XK6DXMAgjwO2bvN.png,2
1mCPKPMAtSm1DLD.png,2
biKPgFkXQ1sqO7f.png,0
iV9p34ONbMX4xRc.png,0
wOmPOKwIP75YcK7.png,2
5w4ARhPIAEMqnsF.png,0
dQQSDDQW7eMsRSk.png,2
0YTqaqjATloipO5.png,2
KSnBysK1RLKJc03.png,5
MpUjtWW4FZbCYGm.png,0
Lc5cVyCpdn1UEjQ.png,2
vJidyZsLjYuhZOi.png,0
IcvcVjzhbtjfrRf.png,0
pBSMBYnfjqEHPyV.png,0
Oqa45qKyXoYRkSk.png,0
dMMKuFUmrZOmL6K.png,4
tzTlKoXPY7yKZvY.png,2
6w0M7de5yso1ve5.png,5
D5z1bWtlh3z68r9.png,1
4DNStFPXunMW7jf.png,4
LgqfdHTwEgHsfoH.png,1
V3pHkg2eabgHKOa.png,6
B3PSNt3NJg1qhTN.png,1
r7kNKe93yJQmSg3.png,0
nqT7kxBWWMkSZPz.png,4
XahMocmwyhEYOQR.png,5
B4NxziqqbIHKBlV.png,0
b5LmGR2p20ktCKH.png,5
T7em5Iw4A3AwfKC.png,1
g7CSqObRBSEIiAk.png,0
Jj8j6ONS12ylHQg.png,5
L7YkKEnvLjug5PH.png,1
YlrE5MPgBaMqMee.png,2
VW23ZHHWvtyrsWL.png,2
S5erjbOY5MQTPjl.png,0
9gtdma51OnRJ1L2.png,2
uT2RKKssNWhKm9C.png,1
rgbgv1Okcl1iStN.png,2
RMExZZS0K73a4tm.png,0
WsATaz2tn1fE2rB.png,2
XPXbupEWHPqqgIL.png,0
8GKrpDp74Mq86fu.png,4
mYB0d60E6KOYYG4.png,0
vKeFHzYDv5ZeU2O.png,1
4lRDVSSliUxBHxf.png,2
7Eg1dnVgrpjJsNQ.png,0
cwLctcrxGSqfKJY.png,4
dygqLevxszmeFJs.png,0
99QAnjP01eoDDou.png,6
0NEjA0Hu9jJFM2Q.png,2
5TzrzRAipFaPVzD.png,1
HqRHYNRqdUbVdht.png,0
KoGygKWlGR3F5gp.png,2
UvPlbEqkIo982Ll.png,1
OGJbeBmPIY6mVW0.png,0
4Q2mpIBCPaVCKaX.png,1
GPpQuhvilmxiIaR.png,2
398lUr1GIB2VLr0.png,5
Aegy4Q6OggdaRaA.png,4
V9Q9RnYTWUZoy3n.png,2
J2E91D8sfadlQkC.png,2
2CZMUJe3t6Ohqyt.png,1
xUH4460rwpUENWH.png,4
Cl26VNvVektI1k5.png,0
JIpKxUFlOB1iRN9.png,0
eRhniGGJorWONqh.png,2
YhPqIfvOlvxxVHr.png,1
uLmdy7JPxXDdKoW.png,2
x3SVjQPnFuupqZF.png,0
xQtnwvCU2GJR48y.png,0
tuW4wVUOFiroPI2.png,2
DG9Ej9NhqZ0rTHG.png,0
IsX4XCnstqX3C08.png,4
cv4oE01ffqgTCTX.png,0
0N1VGcArVlUaaQD.png,2
mJncyigtYS491LZ.png,1
jfc6S2H3BLL9j2x.png,2
x8K7Sdc6wTFfyXW.png,6
AsUSQj4szcMxhKz.png,5
kQfOHpUveolRkH3.png,0
fa83QpyVRs4xMTE.png,2
yzOOzazMZ0rlQFF.png,2
6N4TCaJoobFD9ip.png,0
4xiqusTVIdnMqh9.png,0
Tt6EDq4Y1UBtDqo.png,0
7Qx3nYs2szKHk8L.png,4
Lsj64oxUscsq8Q5.png,2
7e6ofJMtnaTgNHa.png,1
Sad1GFeMvkr0br0.png,0
yj7VzhAb3rIj7Y1.png,1
EuU6CkhRzVprOLU.png,5
0RKtQ3tqIdXfWLZ.png,1
Y4TsGVh8YnNKbuA.png,0
HPaop7llhSTIXmw.png,0
sfrfdQ4lB6Mhqfv.png,0
VCFB1vzk4HUT1TD.png,4
o5PqpriMmD841cP.png,2
wFs4Fhzpi2FCOzO.png,0
L3WwsRqWVNx3WTp.png,4
iChVS7XlVWTyzux.png,1
0roAY05xYQfYl65.png,2
5CNLYqSkDJUC5gI.png,0
pIjAj9IGeisTYi3.png,2
Cd0mJvfWRyEQZ4z.png,6
KMWQTMoRhw09qB6.png,2
4LKAoF6kK7e9R5z.png,1
sZjniU0ZMAGnKjJ.png,2
gXpS8etLOapF6X1.png,4
w0RrqLcnVkjE3SN.png,0
GDFxjTDx6yhZY3n.png,0
sjde64F0WAWIYSm.png,3
ZEVeVYT9jSfQaAC.png,1
OgaSB81t06zdyG6.png,2
5cmjESztnjlWbJO.png,0
6tMcdhO5AIQQl16.png,6
A7Tzzn7pCDDZLxK.png,0
4hNnhrswoDiHlLa.png,5
ltFR9w5WQU2ln0w.png,2
nEnsn1Z9yRZkGAW.png,1
XQF9DUuvHrnePZ5.png,0
vrbrCkpCJGilBgr.png,1
WRLGizaxWfLsIfA.png,2
oVzhU2hc9zAsymg.png,5
kT8KAHpMbmiG66c.png,1
RnnUqaZPGQR3Bsc.png,2
wV8NMhy0Jy56s6l.png,0
fNKftdjpRwpWsCH.png,1
cEIE6jd3vRmZBRw.png,4
SJILQQUdbaIYlts.png,1
qDkA15GzINEQLHt.png,1
54KjPtX2Vni0muQ.png,4
QIiu1MP6naGXj3b.png,0
VOLIULlVxjDMgud.png,0
zxuRsQ6JBfgFUBv.png,0
wFaKsn1THNIHhve.png,2
Cx2IhRYjnbTUmc8.png,3
NW8cIMWhHa4EydI.png,0
Fp35kxnSk4yDbrn.png,0
5JdSXCDa2C2E4FM.png,1
lOBbmbKhnU6kl9P.png,0
8T85ltzfPUR7Msw.png,0
5uEbXlABp29DX1A.png,1
n4lOXRleyLRHeNv.png,2
JuQbuOrMKMMWdc4.png,1
IR6Fy1oRKbeX46N.png,4
TatixDJy5qvoop6.png,6
4fnlHLCNTpS8Nvp.png,2
4u6Snu37e5nkAhx.png,2
lz81EJ89WVRbT25.png,1
1WQGGziyuw0kq7h.png,0
tpX5td4V9jyEZs8.png,0
ALiKmwe7gb7HBOD.png,2
gtrXWeY8kKcv64g.png,0
xx1oh1TqQBttJJ6.png,4
923WTQ1TyWYuWAf.png,0
lo9v3shqU14d3KR.png,6
sPh6ZprnW8snfuB.png,2
wKoiuEBzgSreGfO.png,0
UVgSEyyjKnGQWGX.png,1
aJ1V2t72ItTxRnI.png,0
W7aqDE77VsAvC0C.png,0
2yJluMVGcIFtNMZ.png,5
u1Uk9LgdIZbg4m6.png,1
kz6XVTASlsQKOhS.png,2
QqoEcS3YghkwJRW.png,0
lvTOJcAcu3Iidjv.png,5
egAWwJe1S6ksiRH.png,5
QSiB6I7ZCEbrX8c.png,1
WIBLYsZzKBhbHEy.png,0
wSBWk4fluNBEuGZ.png,0
ueF4rLMo4LQpVXy.png,0
lnWOaDlcpJsqy4z.png,6
u8Pmk5OOT2wK6DG.png,2
k90qgyKCNM2ScXa.png,1
vqGsJkxpZmCgjAT.png,3
auCg4HY4gHQy4P8.png,4
LwIn6Wms8DoXKoH.png,1
wpeV6fK1eEcEskS.png,5
heTDbReRKYvBInm.png,1
njUOZJ5bVk7DYkD.png,1
VO6qICcWwW6v49C.png,0
EwPT4bItzWUoXaC.png,6
m6Ljyatz5POcAfg.png,0
732oGHRJMA80dgj.png,2
As8P2VJYV068TG7.png,0
80MSzQLaHuzwadt.png,1
4A8KOFNoVyY3kJU.png,1
64ZwNkLfhOqHiz3.png,0
7YAjJ7WxmUCaF5G.png,2
JQIZnpxyhnUfY3V.png,0
ssmBLrQmRkOdChJ.png,0
ingYaR4Xdiy5QCD.png,6
aHko3N5z7Ui2gGk.png,0
TUFqqigKhhatnwf.png,0
N4GgyWGA6A8BpZc.png,2
KTZiBvyEMevWDWq.png,1
bcE35hSdhJSEd4v.png,1
KM10Zam5QmuCfbh.png,1
n2ykVv1SWeWajiB.png,0
KVtbCLjuIkY1Iwj.png,5
ooK0XYtCJrQX6Hs.png,5
rkwKj4HAM4NEaDc.png,2
w8Eymt3x6ZFeB2y.png,1
BIzokMBEuZ7Yhsp.png,1
74i2l1VuAc153DP.png,0
fZ1LtGel0xPQXt3.png,1
z9DpY1DtzoIoxFi.png,2
CZBdBb3ly5BK675.png,2
3lds7HkWZyX3Z7i.png,6
SpeltFy6yOhY36g.png,0
T3gbEFZ8FbxyM1p.png,1
68xwobaAhQv00kZ.png,0
5BK5IERNZOPCxor.png,4
AFFMkYCw5p4gRol.png,1
KwbaMJyQBrNLUde.png,2
nr6Bg518202xjRO.png,1
pLyg2N9fQl8MXVK.png,1
dtw9nHSZsx6JOKM.png,1
nDpUdeSa4e7eea0.png,4
OHv50rh2EVfVNDX.png,1
nNyywDbG98TLdYd.png,1
L6GCWDj6SV6PV1d.png,1
CDGdSzRc3nZlni6.png,0
zi53jt2QEq8I7fd.png,1
cZHNih2fF1I9Nwi.png,5
kYyt0ycDeJrsu2d.png,2
EwphKRMYi6MCVRV.png,0
i2Vhj1XkjAhW93M.png,0
8ijsPBVitfenXye.png,5
bS4V8VvZLPkW4hn.png,2
t4D7rf9Nsrra9ii.png,0
ZLCM2BrcJRdcL8e.png,6
jr5yzD1y28Tz6Mv.png,1
XO2x495IIzV9kT7.png,2
GW5I2lLElavZaJ4.png,2
4VhYyOd97FltXnw.png,0
4xC3BWYx4LQhkdS.png,0
mY1alSDDCjGnz8V.png,0
10pAcjY9m6MdaV3.png,1
WhPQcpeDZSflbzJ.png,0
8HwPfjWkRQxSv3x.png,2
Uq5lmIXR9MXsbDd.png,6
p0IepqOWkNioyfL.png,2
1BPSnBKZV30DwBr.png,5
aV26UAQHPMnsMTJ.png,6
bPupkJvb17TrsPL.png,0
ieh8oU2dIaIA7Sw.png,0
Z6C2BpkvV4pRBLg.png,5
kNsGSvgBWcDW9uz.png,0
7WqPDOSP0iC9DkZ.png,0
0ouN7K3p239RL0g.png,2
R2BNk4V7jpNTOvw.png,0
GdoGKxPdVpH2Q3H.png,0
xwrxDt47M77dnAl.png,1
GpfDnfQjQ9RVRTz.png,3
PG2odHS4cUFJUtZ.png,0
92JV193joasWNan.png,0
XuNnpududmB0NAH.png,0
hkiJBtSO7xsHxbM.png,6
l2DGJWnEMM3od3s.png,2
j2LdK2RjyaIAeML.png,4
KsoEGT0YKgFZI5k.png,4
pi5hBKzcneTsyzB.png,2
HZ3EnSXrUQfrTFG.png,1
3lftrVCcdZxiYBP.png,5
tgP0PE10wNFMkmS.png,2
1cFDVI2xFiRkOQo.png,0
AtkwCE021elSZJr.png,0
zMVvJkbfBzy6MSC.png,2
ALFst54EotWjWJI.png,2
80cK9r3EPjmo1xG.png,0
oY8G6sl05giylLU.png,1
FCRidrIUu4KJjjk.png,1
I9p2t43KB0PmaCe.png,2
aESRV4sobm2uu3S.png,4
BvuK2BNhfhi1a3q.png,0
MfxOWGwiJ8lxqMs.png,2
FMIcG2yVoaeHgtR.png,0
4s6ITBRtOlnyqmB.png,1
QC6j1hUi1htRvZ8.png,0
cfgtN63fcH55DBh.png,1
UsOX57RtaDeGrlI.png,2
f5qlLsZA3kEfbnB.png,1
KCeRHLYODdsgjgu.png,2
6ZRIuFBwAlMoASG.png,2
yBUSPV64TtTcUng.png,0
cCJOWlRNzIuEGCj.png,5
QLi4nH1aUiMIERi.png,0
nhM6hr58WSMZUlV.png,1
n1XbOUmz8wZYACM.png,0
tObyeLn9pMprrF4.png,6
N7aLsvGszKven4i.png,1
ufWmSer4mXuIecb.png,1
OTjXHPUnCtRJN7f.png,0
LKpJDvn6shHOBx7.png,0
q8LisuPbsNgw2Ip.png,4
Ka6ERLfpMsb9r7K.png,4
VNBr87dEYGlbd0t.png,0
BTEP4r2BRY9kezN.png,1
z8bLKCTMqiZTQMI.png,0
CpMXgLABHKpX2S2.png,5
QhKgBF5NngB5B56.png,6
baiffYutwooFnCF.png,2
yIzpd1qUqn9LLF0.png,0
xUOP3H1cjKIprnB.png,1
7canpK14sG35eoL.png,5
IwGEhDyGUmPuEkR.png,0
iZee1drfJVFacFy.png,0
XtgUoxeboDqkK0G.png,4
TBFOh3IXjn0qxNe.png,0
zT8pBDlvQeycoq3.png,5
vD7DYKCeSH9if8r.png,2
pYmWTANW7724DLo.png,2
5pkLP1KTTm9YCcL.png,2
ohjtu1JEB8cFOGE.png,2
rdfenj5aDA5gBdG.png,6
mLu3oTg5V8qsUZv.png,2
hNFggLKDrKcrnCZ.png,2
NHAxiSh587qGDGm.png,2
byIQwhH8pHQxFz4.png,1
7CSAgz0uXwtEEJI.png,2
rlAZo3VZtXsOy48.png,2
lC8LBWhUAUFnVH7.png,5
Kt0EGMTXPem1Xgh.png,5
MehdVrTxKMOVRaf.png,5
lVrRliQ7NUIBWkL.png,2
xeHiUMlyt4bjAEa.png,0
EQCqqajXd7IRfiC.png,0
lQ9dqv84BHFO1TC.png,1
6TUAAqqfB2Pzj00.png,1
cQSLbb4XJq8XSol.png,2
7V9zomJm9HnGmw3.png,6
B0tAUoMc0tNtYge.png,1
VXGMJRTtFZmeOZJ.png,0
XSnNSwUxzi4XQQP.png,0
XfjfjKRQb1QawQV.png,3
SYT1MMg9SgWLLLW.png,1
Pv98qwpR8p9DBqh.png,5
SckSQLGBDBz9dOD.png,2
T8C43qQ9E2DoTiq.png,2
Qat0xnQCzcFOBKO.png,0
NefgLLhl5Vxm9g4.png,2
3qQQ2kJCxbJF56E.png,1
APtDuVgq2qK22mo.png,0
29afVclOvsHZInK.png,4
t9fxYUFJjilUUWN.png,0
zUaTBSiHa2PzwYC.png,2
ZnbN9mAVdt8xFPN.png,0
UJ5pjJSJFSVW2lB.png,1
7ZTGrwXA7Dq0KeC.png,1
P0RBTuhwN4jAmGM.png,1
cqhy0r55lrSFXgJ.png,4
s2yojr8x7VKujbe.png,0
ZoX0ScsmsVj3iOJ.png,2
VnI3Zuf3Ye7k6kw.png,6
6aV97udQsnRYJU6.png,2
5pJTj6OZN7svzJq.png,4
WFpxZ0YzNtzPWFX.png,1
hETNRPmUUPsax3H.png,2
LjgEj1me4rGk9Wm.png,0
3ke489r2PAteQdo.png,2
pIZmUo3jB8nxeDr.png,0
fxOcqNpNqu8BjuL.png,0
2Tu4iv3otVc8JbD.png,1
QfjBDzu0k04QalD.png,0
SfuK6pHC89ROADz.png,2
wGQVcBkpM7M7r97.png,2
3xYV3ePo6UBw0VE.png,2
2fOymjEfUqK5qLI.png,6
ThBuqhjfNZ5v5oQ.png,5
Eh65ulQM252J5nP.png,2
oya5PsaTfbF6Rsg.png,5
lHM1mb0LOGQMvjc.png,0
5SQ0eWQtcYaP8QI.png,5
zQM7JF6Y2AxmyuM.png,4
GMjf7vaNFKd4G92.png,0
gFgjGyOJWb3Xa6m.png,2
P9CHv3Atwv7Ekqs.png,1
xmPJNPVXKt8GG2X.png,5
rgOJFGBzlEEiUJd.png,5
K6rwNVckHvMNmeG.png,2
eKo9CXse77hTjxU.png,0
1JHFZeffFzyCZ33.png,2
LKcRaneAvvRpYMg.png,2
U4YtozvHc4DOuOk.png,2
7xfsIlw2pccOkRg.png,0
6QGpXT5dmDMOn9N.png,1
vE8L5xHLg8451EU.png,0
VwxvBCdggPX2KJ2.png,4
Jpr8neUik86Y3vh.png,2
Zfpqk6QC4nMhG3f.png,0
jyheiSGrOgYzXfc.png,6
O3geyXDb6v6v0i1.png,0
rxEI5G33Hgt1izR.png,1
SjXLhGDPkrLFy9n.png,1
6eI76NPuv1SHTCV.png,2
3bvXIanRqN4OjNi.png,2
Jp1jZCrFJOrmsJr.png,2
PSgHMG93KY5eWhQ.png,2
gZKMexqvFA9xzJh.png,2
X2oJkXHBmNogB72.png,5
5DOShbgV4LvBany.png,2
IQu0jgdJZLIVrol.png,0
OKmZmJD6rYez4oa.png,6
fgbHwXpqXSk52oK.png,5
RV1cu5HiSUXtO3k.png,0
bUv0qzKVuzp34ty.png,1
8X3mjzKRV1vN4d5.png,0
RLzDSIaSXfalZwP.png,2
quEMp1INCKa0iAk.png,2
lxgrMJdYNTjNAdM.png,6
Yl3HliFlqBRLpvH.png,2
oea4ETUtQPVML8p.png,2
9smYLLqWMde8ax1.png,5
Uh1UaQYmqLVPDWp.png,2
CUKJN1Z0HBLYUdQ.png,5
gW21QI96pPZVcIm.png,5
sfb4lx2XFc8NwRt.png,2
6GoVGvD1PmD4PAf.png,0
AEKr0xhMRob8H43.png,2
mVCCaIWOn8PAeGm.png,2
c31yrTY6pZ06gHo.png,4
MXWclSkLzDR52Mx.png,2
BvOlwAhSOPGhPhv.png,0
umuamhMYy6UOJFl.png,2
IHYgVEJOiigzA47.png,2
hBjWAyhvNCu4GUl.png,0
X8OCL3Mw6dbS1LB.png,1
6Bu1Sg6oYWtAaxb.png,6
7ZcucLk5NtBM6Y0.png,6
2rWRFseWYU0ulCm.png,5
OLRJvhg799rB6B3.png,0
e5QhHcxGevkpayF.png,2
HylrI3GkM94JueC.png,1
q0ZBjAikqNMl64j.png,0
U8RxG8UuawX7qup.png,1
97bOCBDb8WP6ZDM.png,2
oZFYg3VFtmYXAWj.png,4
W0jpdz5rKQEOJj4.png,5
03dZOi3Qbtf258B.png,0
lswtSp6vQVgAPXU.png,1
vxALkg89EznwSMK.png,1
IwHGmd3EFT9uqWi.png,0
gduSPivWeb3acTs.png,2
GSwnAFTooyNFgH5.png,0
x74XG7HkghY9dHW.png,0
JH7o73LhXntbN3U.png,0
WE4vmRMefAStkiV.png,2
ldMOkFgghub4n6v.png,2
JnPhIPG1lSjEpXO.png,2
Ti3VN1nJVVPKbmO.png,1
NjzHA8zI8zvvCMQ.png,0
5EYgtyhccsdTiXR.png,6
jvmH6c3dOVQGtn9.png,2
6udHjwF0F7blzsP.png,4
mEgW9EJh79oEVeX.png,1
Sj9IRqksnrcq0s7.png,2
2SBiFRznBQsVbCe.png,2
vTA3v0sFQfTfSnM.png,0
O6FeTyHuJrlWIYG.png,2
UrJ339pV2YsoUns.png,1
cYGleoWFTeTshFg.png,2
3RUVlj9uYOSmV9i.png,2
tIBjBeibB35QyQG.png,2
IVuG2bbOA7SjfJU.png,6
kX84PBctZJxNqp5.png,2
INEjZGebpWDQ8fq.png,2
L6v9alyOHeQpR0h.png,1
N9ucnzBg5DM25Q0.png,5
6u0liSKbC9P9irj.png,1
RTUlPXwFWCGMPJ0.png,1
BB4kwvC8Mh4FDHF.png,0
1LKzAEOduFVHHBU.png,2
UkvgTHzSimoqVf6.png,0
0qZQGYYswZQtjw8.png,5
PSGMP7sy2TpGUun.png,6
p0KHJsoPdxdxcct.png,0
vnt2H6SsWd4DHRP.png,1
s1CiKoyPJHCelWU.png,0
HFjXRAgiXn1wCcA.png,2
LoXr0l2hrJFHR6K.png,2
GgQUS3S2ON62e6f.png,1
UdEjJbK1SANluHR.png,1
QFGkXqxh0gX0ePg.png,2
4wM9ClzEi9EyO09.png,1
DLe8Flz0zU0Qxzd.png,0
uaiUn5qmHJuhnaD.png,0
VPAEYnGeyca1qjr.png,0
yE4PvedVMk1u1cm.png,4
T7ejM3OfvofX7jr.png,2
Y1IU2pleGMWDBjs.png,1
cfWPxTKzhPIQLnR.png,0
XD3iOQSgBptnYIC.png,1
CtPKTf7sM0qPstB.png,2
39OllRuV6BSTjDC.png,2
RFQBYxbj18qSN38.png,0
TN6G04F7qmmdYqK.png,2
p1lmIO6624AgIwg.png,1
E02ayE750swS4ci.png,6
3eXdNssoukWU6r5.png,1
Ne127jPI9ZtvWAP.png,1
OGlbZfo6RwNaz9g.png,3
gU6nKz8HEfopKlX.png,2
I2ah69e2IMIhu5Q.png,2
BS1HylZYaUendp9.png,2
5f4F9NR2lSGRLrP.png,4
DAKpMd9RVZxAkNZ.png,0
MozInWEDJ3uHaKF.png,4
eehaHfGRTd67Dnp.png,0
zskc2n1dezaErZ8.png,2
SrYsfP6Hy4c09g6.png,6
ouBEBMTnAtj1QuX.png,4
VHDYoMpUvnkKXbg.png,6
DFreX4qskqZJmdj.png,2
oBHDRudG3Kzq2sa.png,0
h7B22cm85yh8EIT.png,2
YYSWCLoqLQfNrEn.png,4
wPP3yFUN9GmgscS.png,1
Orv7XR3V42i7DhY.png,5
fUNP1dEtZSx7AYx.png,2
aar47SbIJIGlkPC.png,3
2KDRLvBBh5CmlVF.png,6
TggcGdI1A8kjnos.png,0
giMonFwVHGz6MWQ.png,0
FnFihB72m1kX7qp.png,0
LDZE2hf0nbu2lOa.png,5
zHKNNHhung0Js9J.png,0
QNf3zufMygNQkOe.png,0
k9gr5gFyIfc4cNr.png,2
ZfHxmAwykJLPNYu.png,0
gXiSPiVnwaCxwwI.png,1
aTUBbPcvnqgqRkh.png,2
IBwoEJh83NRzFqC.png,0
iaLaxs8hADnA0Je.png,2
vuchcNAVnXUZG4t.png,0
TleuwjVwX4YyiYC.png,0
2SpbFL5xJZs85MZ.png,0
LnbRpsmlh5PTGcx.png,2
iucq2mL4D7WLjhh.png,1
HQAYE9m3R7loiAG.png,2
j1gspss4JqMxadM.png,2
ei3jF2i2ZzhXOHz.png,5
8JcCaL0u0fCMpd0.png,2
izc1pYu1MFUrnLr.png,0
2t7vbxoCWMCD4As.png,0
n7WOs4zEbKaj88Q.png,2
aSCJkt2YqNo7tiR.png,2
1fyidIY7u4IVw2s.png,1
QXhh81XTnordPUD.png,2
PBQf93GxIiZYbsQ.png,5
XmbFbBcUDRsZO64.png,6
ar4IhSrXW2hOyLe.png,5
Rhbfa1N1AxbmNRi.png,2
MB5uskEUmt2PLhM.png,2
49wtujVKWjI8JTE.png,3
I8Cr5U2YR9XePAn.png,2
irWBJpKjC0IDgF6.png,1
hQW9io1U71oqUYJ.png,5
DNw9ZMrcNEnt05t.png,1
gTw4BPi9fN5A88o.png,3
L1xgVtEnfBJrLja.png,0
LI3P47vA1wiFwTO.png,0
KXs8Rbrl0utSi9B.png,0
2vkttgQj6HhlIQl.png,1
7tvNySDltekQoYW.png,0
PPY29dyu33LnKCz.png,2
uFm3oO7raAzAqfB.png,5
381g6ZEQSj6KyYG.png,2
h28dRVbc11kzKEb.png,1
PM53XVRJAIXlu96.png,5
KeKBGVZXRuv25E1.png,6
53pd2jP2h49p9mx.png,1
dZzcI0j33p1iMJ8.png,4
2ylidKmCpR2Wdpp.png,2
BGQBQ09EGOypaj6.png,1
mA0NUfRRUJt5jWV.png,0
JbGIsnXUeaKiOWe.png,2
JLv79FU0DVudRwS.png,5
m1xSCHA31SXW2Tw.png,4
oupAvD8FcZKmGFw.png,2
kj4Cpt8IVYb9Aup.png,2
UGMFdftfa1Mcqke.png,2
lwVzViVeJpzeN8T.png,1
wddA1x5CRxpvKSn.png,2
u1ULU1SWfp2yJNu.png,1
xEn8EwzuQ86pwB9.png,2
9QBClJoQmpWW0ZR.png,2
CJcDP647Xt7MzPY.png,0
uZwF7upmdOAwzZi.png,0
TXe3ncWqxhBTLSy.png,2
VyQH56B5fwHbv1y.png,1
IGPLeP83zQpkfQS.png,4
oqpTx5MCEY3jGJj.png,1
S7WpuHdoOuxsbBa.png,0
qoeszkYw1ABX9FU.png,0
zxxaNwqGGZfJDLH.png,2
31sb3TtQ555E5A6.png,2
ddrBm2MqbaMyLkt.png,4
chryCCPQfNcmrCY.png,0
PqCUA8RlCDUT5qB.png,6
hf1W0dPGltexIdf.png,1
CbCgYYokjqX9Cdq.png,2
obu46Vm3k6IAQda.png,0
8Ytm0ETDa5HeBkg.png,3
EO5LoKUJkGKEVr4.png,2
75wpaa4JKfOVX0k.png,2
3cIkG9GobxEECtG.png,5
pxZnsqF2eSNxbwE.png,4
ifKKm7U7cfzl1Hb.png,1
848fjV8Ph1sAy1y.png,1
Eog9cZTmDkI0rb7.png,5
0oPoV7BLciGXCwY.png,0
rbDi00DCQ0TcbQ3.png,0
5fJ3BCOv0MPvKSb.png,0
x2uYfeBzxO9yTls.png,6
lEkoph5a0ELivEd.png,4
ysKZz103dso4JIM.png,0
EZEM9RZYciMJG4Y.png,6
4ElUf0Y7MWW2jr3.png,2
qYrvO5ywCBI8vui.png,2
vFxAaLF1LGKsyQt.png,2
9NrP8UVgoThLH9I.png,0
Dm42xt1TWlgFDe7.png,2
EjIsUabtFxIpbyu.png,2
8VgDmuOlc8lNbnf.png,1
pUEkmSg4Tm4CXKL.png,5
BzYzeN9STbULGcB.png,5
8YzsNHSXD137Ym5.png,1
Ibpl42lcTrtZaul.png,0
e7AJMAzFBSHSZeT.png,0
wfoeMePmCx5fb09.png,2
2nis8LSnFNLsK8f.png,2
SEqaVySMaPXdqXg.png,2
gxB5n8mdTMMMPon.png,5
15REVngFclMs7nX.png,0
BFd8t1kzPKpzBzU.png,1
poh02UI2eiZsYnW.png,6
rKomconl8RBYbpI.png,2
xTznfFEf6dgyPZ5.png,1
0tLqh5nqorCAC4r.png,2
7JQyqtKoba8SGn4.png,0
0h27149bM6Bh3Lr.png,5
wbDxcKufiFsbjmE.png,6
v36ngYH6M2tcrFE.png,1
b1ybStgzlE8JQwP.png,2
CeSf0FCBh6jHmFM.png,6
4aJlBbw6Q7dELAg.png,1
hlkjQuv2oiZdxYQ.png,0
XHNNv3QOEGsrSJD.png,2
SC7fJD8nsnToPBF.png,1
b0CvjjxKuY311NP.png,0
b27k0xbXehjqogI.png,5
UXEHrssdr7HDzdS.png,5
jpvXTA7SaQpA4Un.png,1
8D4rmgN8DNVGcvb.png,0
hHgoZf7efSr3jYx.png,0
okhJVBanE0qHJZV.png,5
ScIJQJCiVkWvE3l.png,1
TfJq6d1L2wGrctm.png,6
6lKLaNmkb4Mkf7R.png,1
mni8kLWXG3upMPR.png,0
5ui1AMT1K8yOubg.png,2
q5tjU5YqqUSTSOw.png,2
nUhRgNMUih03tst.png,0
pkrLzhaKD2zwTar.png,5
Chb8GJltxRDBjac.png,1
QzdyvOQ1bwB2HHo.png,2
u5VPaxQTzAps89g.png,1
